event_id,user_id,event_type,is_recurring,recurrence_interval_days,is_flexible,is_essential,status,amount,currency,event_date,description,linked_event_id
event_1,user_26,income,True,30,False,True,confirmed,17156978.14,IDR,2025-08-10,Confirmed Monthly Salary,
event_2,user_26,recurring_expense,True,30,False,True,confirmed,6088871.92,IDR,2025-08-15,Apartment Rent & Essential Utilities,
event_3,user_26,recurring_expense,True,15,False,True,confirmed,1305594.22,IDR,2025-08-07,Bi-weekly Groceries & Commuting,
event_4,user_26,recurring_expense,True,30,True,False,confirmed,1854714.45,IDR,2025-08-10,Streaming Services & Dining Out Club,
event_5,user_26,recurring_expense,True,30,True,False,confirmed,854250.87,IDR,2025-08-15,Fitness & Luxury Lifestyle Subscription,
event_6,user_27,income,True,30,False,True,confirmed,5390.01,ZAR,2026-07-19,Confirmed Monthly Salary,
event_7,user_27,recurring_expense,True,30,False,True,confirmed,2046.91,ZAR,2026-07-24,Apartment Rent & Essential Utilities,
event_8,user_27,recurring_expense,True,15,False,True,confirmed,614.0,ZAR,2026-07-09,Bi-weekly Groceries & Commuting,
event_9,user_27,recurring_expense,True,30,True,False,confirmed,636.84,ZAR,2026-07-12,Streaming Services & Dining Out Club,
event_10,user_27,recurring_expense,True,30,True,False,confirmed,407.11,ZAR,2026-07-17,Fitness & Luxury Lifestyle Subscription,
event_11,user_28,income,True,30,False,True,confirmed,2012.43,EUR,2024-06-28,Confirmed Monthly Salary,
event_12,user_28,recurring_expense,True,30,False,True,confirmed,754.51,EUR,2024-07-03,Apartment Rent & Essential Utilities,
event_13,user_28,recurring_expense,True,15,False,True,confirmed,241.78,EUR,2024-06-11,Bi-weekly Groceries & Commuting,
event_14,user_28,recurring_expense,True,30,True,False,confirmed,209.9,EUR,2024-06-14,Streaming Services & Dining Out Club,
event_15,user_28,recurring_expense,True,30,True,False,confirmed,83.53,EUR,2024-06-19,Fitness & Luxury Lifestyle Subscription,
event_16,user_29,income,True,30,False,True,confirmed,82537.94,ZAR,2025-11-12,Confirmed Monthly Salary,
event_17,user_29,recurring_expense,True,30,False,True,confirmed,23345.91,ZAR,2025-11-17,Apartment Rent & Essential Utilities,
event_18,user_29,recurring_expense,True,15,False,True,confirmed,6975.0,ZAR,2025-11-08,Bi-weekly Groceries & Commuting,
event_19,user_29,recurring_expense,True,30,True,False,confirmed,5574.93,ZAR,2025-11-11,Streaming Services & Dining Out Club,
event_20,user_29,recurring_expense,True,30,True,False,confirmed,5594.33,ZAR,2025-11-16,Fitness & Luxury Lifestyle Subscription,
event_21,user_30,income,True,30,False,True,confirmed,1215.1,USD,2026-04-21,Confirmed Monthly Salary,
event_22,user_30,recurring_expense,True,30,False,True,confirmed,427.87,USD,2026-04-26,Apartment Rent & Essential Utilities,
event_23,user_30,recurring_expense,True,15,False,True,confirmed,99.44,USD,2026-04-10,Bi-weekly Groceries & Commuting,
event_24,user_30,recurring_expense,True,30,True,False,confirmed,69.02,USD,2026-04-13,Streaming Services & Dining Out Club,
event_25,user_30,recurring_expense,True,30,True,False,confirmed,74.57,USD,2026-04-18,Fitness & Luxury Lifestyle Subscription,
event_26,user_31,income,True,30,False,True,confirmed,15247271.63,IDR,2024-09-25,Confirmed Monthly Salary,
event_27,user_31,recurring_expense,True,30,False,True,confirmed,5615441.65,IDR,2024-09-30,Apartment Rent & Essential Utilities,
event_28,user_31,recurring_expense,True,15,False,True,confirmed,1168981.27,IDR,2024-09-07,Bi-weekly Groceries & Commuting,
event_29,user_31,recurring_expense,True,30,True,False,confirmed,1151783.26,IDR,2024-09-10,Streaming Services & Dining Out Club,
event_30,user_31,recurring_expense,True,30,True,False,confirmed,557601.72,IDR,2024-09-15,Fitness & Luxury Lifestyle Subscription,
event_31,user_32,income,True,30,False,True,confirmed,68415.89,ZAR,2025-02-14,Confirmed Monthly Salary,
event_32,user_32,recurring_expense,True,30,False,True,confirmed,20456.89,ZAR,2025-02-19,Apartment Rent & Essential Utilities,
event_33,user_32,recurring_expense,True,15,False,True,confirmed,6552.54,ZAR,2025-02-09,Bi-weekly Groceries & Commuting,
event_34,user_32,recurring_expense,True,30,True,False,confirmed,4382.42,ZAR,2025-02-12,Streaming Services & Dining Out Club,
event_35,user_32,recurring_expense,True,30,True,False,confirmed,4742.98,ZAR,2025-02-17,Fitness & Luxury Lifestyle Subscription,
event_36,user_33,income,True,30,False,True,confirmed,197822.35,INR,2026-01-23,Confirmed Monthly Salary,
event_37,user_33,recurring_expense,True,30,False,True,confirmed,60311.81,INR,2026-01-28,Apartment Rent & Essential Utilities,
event_38,user_33,recurring_expense,True,15,False,True,confirmed,19799.99,INR,2026-01-11,Bi-weekly Groceries & Commuting,
event_39,user_33,recurring_expense,True,30,True,False,confirmed,13664.96,INR,2026-01-14,Streaming Services & Dining Out Club,
event_40,user_33,recurring_expense,True,30,True,False,confirmed,7562.2,INR,2026-01-19,Fitness & Luxury Lifestyle Subscription,
event_41,user_34,income,True,30,False,True,confirmed,221797.93,INR,2024-12-27,Confirmed Monthly Salary,
event_42,user_34,recurring_expense,True,30,False,True,confirmed,86862.32,INR,2025-01-01,Apartment Rent & Essential Utilities,
event_43,user_34,recurring_expense,True,15,False,True,confirmed,27363.03,INR,2024-12-08,Bi-weekly Groceries & Commuting,
event_44,user_34,recurring_expense,True,30,True,False,confirmed,15672.22,INR,2024-12-11,Streaming Services & Dining Out Club,
event_45,user_34,recurring_expense,True,30,True,False,confirmed,16306.55,INR,2024-12-16,Fitness & Luxury Lifestyle Subscription,
event_46,user_35,income,True,30,False,True,confirmed,340097.3,INR,2025-11-09,Confirmed Monthly Salary,
event_47,user_35,recurring_expense,True,30,False,True,confirmed,108916.06,INR,2025-11-14,Apartment Rent & Essential Utilities,
event_48,user_35,recurring_expense,True,15,False,True,confirmed,26787.76,INR,2025-11-03,Bi-weekly Groceries & Commuting,
event_49,user_35,recurring_expense,True,30,True,False,confirmed,34958.81,INR,2025-11-06,Streaming Services & Dining Out Club,
event_50,user_35,recurring_expense,True,30,True,False,confirmed,14039.47,INR,2025-11-11,Fitness & Luxury Lifestyle Subscription,
event_51,user_36,income,True,30,False,True,confirmed,5837.38,USD,2026-07-20,Confirmed Monthly Salary,
event_52,user_36,recurring_expense,True,30,False,True,confirmed,2049.86,USD,2026-07-25,Apartment Rent & Essential Utilities,
event_53,user_36,recurring_expense,True,15,False,True,confirmed,553.79,USD,2026-07-07,Bi-weekly Groceries & Commuting,
event_54,user_36,recurring_expense,True,30,True,False,confirmed,637.45,USD,2026-07-10,Streaming Services & Dining Out Club,
event_55,user_36,recurring_expense,True,30,True,False,confirmed,337.78,USD,2026-07-15,Fitness & Luxury Lifestyle Subscription,
event_56,user_37,income,True,30,False,True,confirmed,13042046.82,IDR,2024-03-29,Confirmed Monthly Salary,
event_57,user_37,recurring_expense,True,30,False,True,confirmed,4032420.69,IDR,2024-04-03,Apartment Rent & Essential Utilities,
event_58,user_37,recurring_expense,True,15,False,True,confirmed,1150607.57,IDR,2024-03-09,Bi-weekly Groceries & Commuting,
event_59,user_37,recurring_expense,True,30,True,False,confirmed,764931.85,IDR,2024-03-12,Streaming Services & Dining Out Club,
event_60,user_37,recurring_expense,True,30,True,False,confirmed,631616.98,IDR,2024-03-17,Fitness & Luxury Lifestyle Subscription,
event_61,user_38,income,True,30,False,True,confirmed,1504.55,EUR,2025-08-18,Confirmed Monthly Salary,
event_62,user_38,recurring_expense,True,30,False,True,confirmed,435.3,EUR,2025-08-23,Apartment Rent & Essential Utilities,
event_63,user_38,recurring_expense,True,15,False,True,confirmed,141.5,EUR,2025-08-11,Bi-weekly Groceries & Commuting,
event_64,user_38,recurring_expense,True,30,True,False,confirmed,142.48,EUR,2025-08-14,Streaming Services & Dining Out Club,
event_65,user_38,recurring_expense,True,30,True,False,confirmed,73.08,EUR,2025-08-19,Fitness & Luxury Lifestyle Subscription,
event_66,user_39,income,True,30,False,True,confirmed,307650.91,INR,2026-04-22,Confirmed Monthly Salary,
event_67,user_39,recurring_expense,True,30,False,True,confirmed,98670.27,INR,2026-04-27,Apartment Rent & Essential Utilities,
event_68,user_39,recurring_expense,True,15,False,True,confirmed,32604.03,INR,2026-04-08,Bi-weekly Groceries & Commuting,
event_69,user_39,recurring_expense,True,30,True,False,confirmed,35694.22,INR,2026-04-11,Streaming Services & Dining Out Club,
event_70,user_39,recurring_expense,True,30,True,False,confirmed,14275.1,INR,2026-04-16,Fitness & Luxury Lifestyle Subscription,
event_71,user_40,income,True,30,False,True,confirmed,1819.43,EUR,2024-06-11,Confirmed Monthly Salary,
event_72,user_40,recurring_expense,True,30,False,True,confirmed,631.61,EUR,2024-06-16,Apartment Rent & Essential Utilities,
event_73,user_40,recurring_expense,True,15,False,True,confirmed,194.26,EUR,2024-06-10,Bi-weekly Groceries & Commuting,
event_74,user_40,recurring_expense,True,30,True,False,confirmed,150.1,EUR,2024-06-13,Streaming Services & Dining Out Club,
event_75,user_40,recurring_expense,True,30,True,False,confirmed,118.36,EUR,2024-06-18,Fitness & Luxury Lifestyle Subscription,
event_76,user_41,income,True,30,False,True,confirmed,56172520.94,IDR,2025-11-15,Confirmed Monthly Salary,
event_77,user_41,recurring_expense,True,30,False,True,confirmed,15026227.46,IDR,2025-11-20,Apartment Rent & Essential Utilities,
event_78,user_41,recurring_expense,True,15,False,True,confirmed,4340301.3,IDR,2025-11-07,Bi-weekly Groceries & Commuting,
event_79,user_41,recurring_expense,True,30,True,False,confirmed,2954946.98,IDR,2025-11-10,Streaming Services & Dining Out Club,
event_80,user_41,recurring_expense,True,30,True,False,confirmed,4482363.19,IDR,2025-11-15,Fitness & Luxury Lifestyle Subscription,
event_81,user_42,income,True,30,False,True,confirmed,47729.88,INR,2026-01-24,Confirmed Monthly Salary,
event_82,user_42,recurring_expense,True,30,False,True,confirmed,13613.52,INR,2026-01-29,Apartment Rent & Essential Utilities,
event_83,user_42,recurring_expense,True,15,False,True,confirmed,4862.6,INR,2026-01-09,Bi-weekly Groceries & Commuting,
event_84,user_42,recurring_expense,True,30,True,False,confirmed,3685.0,INR,2026-01-12,Streaming Services & Dining Out Club,
event_85,user_42,recurring_expense,True,30,True,False,confirmed,2317.31,INR,2026-01-17,Fitness & Luxury Lifestyle Subscription,
event_86,user_43,income,True,30,False,True,confirmed,75816413.12,IDR,2024-09-13,Confirmed Monthly Salary,
event_87,user_43,recurring_expense,True,30,False,True,confirmed,26874840.99,IDR,2024-09-18,Apartment Rent & Essential Utilities,
event_88,user_43,recurring_expense,True,15,False,True,confirmed,7734003.86,IDR,2024-09-11,Bi-weekly Groceries & Commuting,
event_89,user_43,recurring_expense,True,30,True,False,confirmed,6907923.34,IDR,2024-09-14,Streaming Services & Dining Out Club,
event_90,user_43,recurring_expense,True,30,True,False,confirmed,5028899.46,IDR,2024-09-19,Fitness & Luxury Lifestyle Subscription,
event_91,user_44,income,True,30,False,True,confirmed,161462.64,INR,2025-02-17,Confirmed Monthly Salary,
event_92,user_44,recurring_expense,True,30,False,True,confirmed,56227.47,INR,2025-02-22,Apartment Rent & Essential Utilities,
event_93,user_44,recurring_expense,True,15,False,True,confirmed,18840.21,INR,2025-02-08,Bi-weekly Groceries & Commuting,
event_94,user_44,recurring_expense,True,30,True,False,confirmed,15031.47,INR,2025-02-11,Streaming Services & Dining Out Club,
event_95,user_44,recurring_expense,True,30,True,False,confirmed,12424.98,INR,2025-02-16,Fitness & Luxury Lifestyle Subscription,
event_96,user_45,income,True,30,False,True,confirmed,23735927.5,IDR,2026-07-26,Confirmed Monthly Salary,
event_97,user_45,recurring_expense,True,30,False,True,confirmed,8391649.64,IDR,2026-07-31,Apartment Rent & Essential Utilities,
event_98,user_45,recurring_expense,True,15,False,True,confirmed,2038049.44,IDR,2026-07-10,Bi-weekly Groceries & Commuting,
event_99,user_45,recurring_expense,True,30,True,False,confirmed,1925665.18,IDR,2026-07-13,Streaming Services & Dining Out Club,
event_100,user_45,recurring_expense,True,30,True,False,confirmed,992295.45,IDR,2026-07-18,Fitness & Luxury Lifestyle Subscription,
event_101,user_46,income,True,30,False,True,confirmed,57494.82,INR,2024-12-10,Confirmed Monthly Salary,
event_102,user_46,recurring_expense,True,30,False,True,confirmed,22833.44,INR,2024-12-15,Apartment Rent & Essential Utilities,
event_103,user_46,recurring_expense,True,15,False,True,confirmed,5368.1,INR,2024-12-07,Bi-weekly Groceries & Commuting,
event_104,user_46,recurring_expense,True,30,True,False,confirmed,6503.74,INR,2024-12-10,Streaming Services & Dining Out Club,
event_105,user_46,recurring_expense,True,30,True,False,confirmed,3578.55,INR,2024-12-15,Fitness & Luxury Lifestyle Subscription,
event_106,user_47,income,True,30,False,True,confirmed,32799006.1,IDR,2025-05-19,Confirmed Monthly Salary,
event_107,user_47,recurring_expense,True,30,False,True,confirmed,9557047.08,IDR,2025-05-24,Apartment Rent & Essential Utilities,
event_108,user_47,recurring_expense,True,15,False,True,confirmed,4047736.62,IDR,2025-05-09,Bi-weekly Groceries & Commuting,
event_109,user_47,recurring_expense,True,30,True,False,confirmed,3818813.05,IDR,2025-05-12,Streaming Services & Dining Out Club,
event_110,user_47,recurring_expense,True,30,True,False,confirmed,2335602.6,IDR,2025-05-17,Fitness & Luxury Lifestyle Subscription,
event_111,user_48,income,True,30,False,True,confirmed,40749.48,INR,2026-08-15,Confirmed Monthly Salary,
event_112,user_48,recurring_expense,True,30,False,True,confirmed,11483.85,INR,2026-08-20,Apartment Rent & Essential Utilities,
event_113,user_48,recurring_expense,True,15,False,True,confirmed,4359.16,INR,2026-07-29,Bi-weekly Groceries & Commuting,
event_114,user_48,recurring_expense,True,30,True,False,confirmed,4807.48,INR,2026-08-01,Streaming Services & Dining Out Club,
event_115,user_48,recurring_expense,True,30,True,False,confirmed,1325.54,INR,2026-08-06,Fitness & Luxury Lifestyle Subscription,
event_116,user_49,income,True,30,False,True,confirmed,38916769.87,IDR,2024-03-12,Confirmed Monthly Salary,
event_117,user_49,recurring_expense,True,30,False,True,confirmed,15501449.8,IDR,2024-03-17,Apartment Rent & Essential Utilities,
event_118,user_49,recurring_expense,True,15,False,True,confirmed,4450090.02,IDR,2024-03-08,Bi-weekly Groceries & Commuting,
event_119,user_49,recurring_expense,True,30,True,False,confirmed,2504854.16,IDR,2024-03-11,Streaming Services & Dining Out Club,
event_120,user_49,recurring_expense,True,30,True,False,confirmed,2782194.59,IDR,2024-03-16,Fitness & Luxury Lifestyle Subscription,
event_121,user_50,income,True,30,False,True,confirmed,59449.72,INR,2025-08-21,Confirmed Monthly Salary,
event_122,user_50,recurring_expense,True,30,False,True,confirmed,20091.48,INR,2025-08-26,Apartment Rent & Essential Utilities,
event_123,user_50,recurring_expense,True,15,False,True,confirmed,6875.52,INR,2025-08-10,Bi-weekly Groceries & Commuting,
event_124,user_50,recurring_expense,True,30,True,False,confirmed,3942.11,INR,2025-08-13,Streaming Services & Dining Out Club,
event_125,user_50,recurring_expense,True,30,True,False,confirmed,4085.29,INR,2025-08-18,Fitness & Luxury Lifestyle Subscription,
event_126,user_51,income,True,30,False,True,confirmed,3480718.47,IDR,2026-01-25,Confirmed Monthly Salary,
event_127,user_51,recurring_expense,True,30,False,True,confirmed,1181346.26,IDR,2026-01-30,Apartment Rent & Essential Utilities,
event_128,user_51,recurring_expense,True,15,False,True,confirmed,309309.67,IDR,2026-01-07,Bi-weekly Groceries & Commuting,
event_129,user_51,recurring_expense,True,30,True,False,confirmed,413794.67,IDR,2026-01-10,Streaming Services & Dining Out Club,
event_130,user_51,recurring_expense,True,30,True,False,confirmed,276286.78,IDR,2026-01-15,Fitness & Luxury Lifestyle Subscription,
event_131,user_52,income,True,30,False,True,confirmed,38692.02,INR,2024-06-14,Confirmed Monthly Salary,
event_132,user_52,recurring_expense,True,30,False,True,confirmed,14307.42,INR,2024-06-19,Apartment Rent & Essential Utilities,
event_133,user_52,recurring_expense,True,15,False,True,confirmed,3114.57,INR,2024-06-09,Bi-weekly Groceries & Commuting,
event_134,user_52,recurring_expense,True,30,True,False,confirmed,4281.32,INR,2024-06-12,Streaming Services & Dining Out Club,
event_135,user_52,recurring_expense,True,30,True,False,confirmed,1415.75,INR,2024-06-17,Fitness & Luxury Lifestyle Subscription,
event_136,user_53,income,True,30,False,True,confirmed,1968.09,USD,2025-11-23,Confirmed Monthly Salary,
event_137,user_53,recurring_expense,True,30,False,True,confirmed,724.78,USD,2025-11-28,Apartment Rent & Essential Utilities,
event_138,user_53,recurring_expense,True,15,False,True,confirmed,205.56,USD,2025-11-11,Bi-weekly Groceries & Commuting,
event_139,user_53,recurring_expense,True,30,True,False,confirmed,100.58,USD,2025-11-14,Streaming Services & Dining Out Club,
event_140,user_53,recurring_expense,True,30,True,False,confirmed,85.16,USD,2025-11-19,Fitness & Luxury Lifestyle Subscription,
event_141,user_54,income,True,30,False,True,confirmed,112627.11,ZAR,2026-07-27,Confirmed Monthly Salary,
event_142,user_54,recurring_expense,True,30,False,True,confirmed,35268.51,ZAR,2026-08-01,Apartment Rent & Essential Utilities,
event_143,user_54,recurring_expense,True,15,False,True,confirmed,9087.03,ZAR,2026-07-08,Bi-weekly Groceries & Commuting,
event_144,user_54,recurring_expense,True,30,True,False,confirmed,6132.44,ZAR,2026-07-11,Streaming Services & Dining Out Club,
event_145,user_54,recurring_expense,True,30,True,False,confirmed,5903.21,ZAR,2026-07-16,Fitness & Luxury Lifestyle Subscription,
event_146,user_55,income,True,30,False,True,confirmed,254021.72,INR,2026-06-18,Confirmed Monthly Salary,
event_147,user_55,recurring_expense,True,30,False,True,confirmed,86126.04,INR,2026-06-23,Apartment Rent & Essential Utilities,
event_148,user_55,recurring_expense,True,15,False,True,confirmed,24792.59,INR,2026-06-12,Bi-weekly Groceries & Commuting,
event_149,user_55,recurring_expense,True,30,True,False,confirmed,16640.58,INR,2026-06-15,Streaming Services & Dining Out Club,
event_150,user_55,recurring_expense,True,30,True,False,confirmed,15433.18,INR,2026-06-20,Fitness & Luxury Lifestyle Subscription,
event_151,user_56,income,True,30,False,True,confirmed,1346.36,USD,2025-02-20,Confirmed Monthly Salary,
event_152,user_56,recurring_expense,True,30,False,True,confirmed,520.12,USD,2025-02-25,Apartment Rent & Essential Utilities,
event_153,user_56,recurring_expense,True,15,False,True,confirmed,145.34,USD,2025-02-07,Bi-weekly Groceries & Commuting,
event_154,user_56,recurring_expense,True,30,True,False,confirmed,95.75,USD,2025-02-10,Streaming Services & Dining Out Club,
event_155,user_56,recurring_expense,True,30,True,False,confirmed,83.7,USD,2025-02-15,Fitness & Luxury Lifestyle Subscription,
event_156,user_57,income,True,30,False,True,confirmed,51070.88,ZAR,2026-04-29,Confirmed Monthly Salary,
event_157,user_57,recurring_expense,True,30,False,True,confirmed,20417.53,ZAR,2026-05-04,Apartment Rent & Essential Utilities,
event_158,user_57,recurring_expense,True,15,False,True,confirmed,5993.93,ZAR,2026-04-09,Bi-weekly Groceries & Commuting,
event_159,user_57,recurring_expense,True,30,True,False,confirmed,4077.46,ZAR,2026-04-12,Streaming Services & Dining Out Club,
event_160,user_57,recurring_expense,True,30,True,False,confirmed,1807.81,ZAR,2026-04-17,Fitness & Luxury Lifestyle Subscription,
event_161,user_58,income,True,30,False,True,confirmed,24540223.74,IDR,2024-12-18,Confirmed Monthly Salary,
event_162,user_58,recurring_expense,True,30,False,True,confirmed,7767823.76,IDR,2024-12-23,Apartment Rent & Essential Utilities,
event_163,user_58,recurring_expense,True,15,False,True,confirmed,2943927.16,IDR,2024-12-11,Bi-weekly Groceries & Commuting,
event_164,user_58,recurring_expense,True,30,True,False,confirmed,1780339.92,IDR,2024-12-14,Streaming Services & Dining Out Club,
event_165,user_58,recurring_expense,True,30,True,False,confirmed,918213.98,IDR,2024-12-19,Fitness & Luxury Lifestyle Subscription,
event_166,user_59,income,True,30,False,True,confirmed,130222.54,INR,2025-05-22,Confirmed Monthly Salary,
event_167,user_59,recurring_expense,True,30,False,True,confirmed,44750.67,INR,2025-05-27,Apartment Rent & Essential Utilities,
event_168,user_59,recurring_expense,True,15,False,True,confirmed,13578.08,INR,2025-05-08,Bi-weekly Groceries & Commuting,
event_169,user_59,recurring_expense,True,30,True,False,confirmed,13002.81,INR,2025-05-11,Streaming Services & Dining Out Club,
event_170,user_59,recurring_expense,True,30,True,False,confirmed,6386.79,INR,2025-05-16,Fitness & Luxury Lifestyle Subscription,
event_171,user_60,income,True,30,False,True,confirmed,279.32,USD,2026-01-11,Confirmed Monthly Salary,
event_172,user_60,recurring_expense,True,30,False,True,confirmed,82.19,USD,2026-01-16,Apartment Rent & Essential Utilities,
event_173,user_60,recurring_expense,True,15,False,True,confirmed,28.01,USD,2026-01-10,Bi-weekly Groceries & Commuting,
event_174,user_60,recurring_expense,True,30,True,False,confirmed,22.38,USD,2026-01-13,Streaming Services & Dining Out Club,
event_175,user_60,recurring_expense,True,30,True,False,confirmed,19.46,USD,2026-01-18,Fitness & Luxury Lifestyle Subscription,
event_176,user_61,income,True,30,False,True,confirmed,26574.7,ZAR,2024-03-15,Confirmed Monthly Salary,
event_177,user_61,recurring_expense,True,30,False,True,confirmed,9253.5,ZAR,2024-03-20,Apartment Rent & Essential Utilities,
event_178,user_61,recurring_expense,True,15,False,True,confirmed,3159.34,ZAR,2024-03-07,Bi-weekly Groceries & Commuting,
event_179,user_61,recurring_expense,True,30,True,False,confirmed,2354.34,ZAR,2024-03-10,Streaming Services & Dining Out Club,
event_180,user_61,recurring_expense,True,30,True,False,confirmed,1947.25,ZAR,2024-03-15,Fitness & Luxury Lifestyle Subscription,
event_181,user_62,income,True,30,False,True,confirmed,497.23,USD,2025-08-24,Confirmed Monthly Salary,
event_182,user_62,recurring_expense,True,30,False,True,confirmed,190.55,USD,2025-08-29,Apartment Rent & Essential Utilities,
event_183,user_62,recurring_expense,True,15,False,True,confirmed,47.58,USD,2025-08-09,Bi-weekly Groceries & Commuting,
event_184,user_62,recurring_expense,True,30,True,False,confirmed,53.66,USD,2025-08-12,Streaming Services & Dining Out Club,
event_185,user_62,recurring_expense,True,30,True,False,confirmed,24.83,USD,2025-08-17,Fitness & Luxury Lifestyle Subscription,
event_186,user_63,income,True,30,False,True,confirmed,526033.74,INR,2026-07-13,Confirmed Monthly Salary,
event_187,user_63,recurring_expense,True,30,False,True,confirmed,156170.08,INR,2026-07-18,Apartment Rent & Essential Utilities,
event_188,user_63,recurring_expense,True,15,False,True,confirmed,47672.43,INR,2026-07-11,Bi-weekly Groceries & Commuting,
event_189,user_63,recurring_expense,True,30,True,False,confirmed,35687.33,INR,2026-07-14,Streaming Services & Dining Out Club,
event_190,user_63,recurring_expense,True,30,True,False,confirmed,40862.1,INR,2026-07-19,Fitness & Luxury Lifestyle Subscription,
event_191,user_64,income,True,30,False,True,confirmed,94710.5,INR,2024-06-17,Confirmed Monthly Salary,
event_192,user_64,recurring_expense,True,30,False,True,confirmed,30415.35,INR,2024-06-22,Apartment Rent & Essential Utilities,
event_193,user_64,recurring_expense,True,15,False,True,confirmed,7535.28,INR,2024-06-08,Bi-weekly Groceries & Commuting,
event_194,user_64,recurring_expense,True,30,True,False,confirmed,5301.47,INR,2024-06-11,Streaming Services & Dining Out Club,
event_195,user_64,recurring_expense,True,30,True,False,confirmed,4886.48,INR,2024-06-16,Fitness & Luxury Lifestyle Subscription,
event_196,user_65,income,True,30,False,True,confirmed,83932.96,ZAR,2025-11-26,Confirmed Monthly Salary,
event_197,user_65,recurring_expense,True,30,False,True,confirmed,25674.84,ZAR,2025-12-01,Apartment Rent & Essential Utilities,
event_198,user_65,recurring_expense,True,15,False,True,confirmed,6841.02,ZAR,2025-11-10,Bi-weekly Groceries & Commuting,
event_199,user_65,recurring_expense,True,30,True,False,confirmed,4549.05,ZAR,2025-11-13,Streaming Services & Dining Out Club,
event_200,user_65,recurring_expense,True,30,True,False,confirmed,6532.61,ZAR,2025-11-18,Fitness & Luxury Lifestyle Subscription,
event_201,user_66,income,True,30,False,True,confirmed,30229.37,INR,2026-04-10,Confirmed Monthly Salary,
event_202,user_66,recurring_expense,True,30,False,True,confirmed,10595.45,INR,2026-04-15,Apartment Rent & Essential Utilities,
event_203,user_66,recurring_expense,True,15,False,True,confirmed,2888.12,INR,2026-04-07,Bi-weekly Groceries & Commuting,
event_204,user_66,recurring_expense,True,30,True,False,confirmed,3360.07,INR,2026-04-10,Streaming Services & Dining Out Club,
event_205,user_66,recurring_expense,True,30,True,False,confirmed,2329.37,INR,2026-04-15,Fitness & Luxury Lifestyle Subscription,
event_206,user_67,income,True,30,False,True,confirmed,2560.83,USD,2024-09-19,Confirmed Monthly Salary,
event_207,user_67,recurring_expense,True,30,False,True,confirmed,992.01,USD,2024-09-24,Apartment Rent & Essential Utilities,
event_208,user_67,recurring_expense,True,15,False,True,confirmed,198.65,USD,2024-09-09,Bi-weekly Groceries & Commuting,
event_209,user_67,recurring_expense,True,30,True,False,confirmed,179.6,USD,2024-09-12,Streaming Services & Dining Out Club,
event_210,user_67,recurring_expense,True,30,True,False,confirmed,116.83,USD,2024-09-17,Fitness & Luxury Lifestyle Subscription,
event_211,user_68,income,True,30,False,True,confirmed,1889.97,USD,2025-02-28,Confirmed Monthly Salary,
event_212,user_68,recurring_expense,True,30,False,True,confirmed,616.34,USD,2025-03-05,Apartment Rent & Essential Utilities,
event_213,user_68,recurring_expense,True,15,False,True,confirmed,156.37,USD,2025-02-11,Bi-weekly Groceries & Commuting,
event_214,user_68,recurring_expense,True,30,True,False,confirmed,158.29,USD,2025-02-14,Streaming Services & Dining Out Club,
event_215,user_68,recurring_expense,True,30,True,False,confirmed,136.77,USD,2025-02-19,Fitness & Luxury Lifestyle Subscription,
event_216,user_69,income,True,30,False,True,confirmed,608.53,EUR,2026-01-12,Confirmed Monthly Salary,
event_217,user_69,recurring_expense,True,30,False,True,confirmed,202.91,EUR,2026-01-17,Apartment Rent & Essential Utilities,
event_218,user_69,recurring_expense,True,15,False,True,confirmed,49.13,EUR,2026-01-08,Bi-weekly Groceries & Commuting,
event_219,user_69,recurring_expense,True,30,True,False,confirmed,42.29,EUR,2026-01-11,Streaming Services & Dining Out Club,
event_220,user_69,recurring_expense,True,30,True,False,confirmed,25.14,EUR,2026-01-16,Fitness & Luxury Lifestyle Subscription,
event_221,user_70,income,True,30,False,True,confirmed,299780.52,INR,2024-12-21,Confirmed Monthly Salary,
event_222,user_70,recurring_expense,True,30,False,True,confirmed,100170.12,INR,2024-12-26,Apartment Rent & Essential Utilities,
event_223,user_70,recurring_expense,True,15,False,True,confirmed,33986.61,INR,2024-12-10,Bi-weekly Groceries & Commuting,
event_224,user_70,recurring_expense,True,30,True,False,confirmed,28035.67,INR,2024-12-13,Streaming Services & Dining Out Club,
event_225,user_70,recurring_expense,True,30,True,False,confirmed,19110.66,INR,2024-12-18,Fitness & Luxury Lifestyle Subscription,
event_226,user_71,income,True,30,False,True,confirmed,29103424.49,IDR,2025-05-25,Confirmed Monthly Salary,
event_227,user_71,recurring_expense,True,30,False,True,confirmed,9934431.75,IDR,2025-05-30,Apartment Rent & Essential Utilities,
event_228,user_71,recurring_expense,True,15,False,True,confirmed,3140013.91,IDR,2025-05-07,Bi-weekly Groceries & Commuting,
event_229,user_71,recurring_expense,True,30,True,False,confirmed,2867938.27,IDR,2025-05-10,Streaming Services & Dining Out Club,
event_230,user_71,recurring_expense,True,30,True,False,confirmed,915234.57,IDR,2025-05-15,Fitness & Luxury Lifestyle Subscription,
event_231,user_72,income,True,30,False,True,confirmed,12160.15,ZAR,2026-07-14,Confirmed Monthly Salary,
event_232,user_72,recurring_expense,True,30,False,True,confirmed,4430.69,ZAR,2026-07-19,Apartment Rent & Essential Utilities,
event_233,user_72,recurring_expense,True,15,False,True,confirmed,1472.32,ZAR,2026-07-09,Bi-weekly Groceries & Commuting,
event_234,user_72,recurring_expense,True,30,True,False,confirmed,906.8,ZAR,2026-07-12,Streaming Services & Dining Out Club,
event_235,user_72,recurring_expense,True,30,True,False,confirmed,475.1,ZAR,2026-07-17,Fitness & Luxury Lifestyle Subscription,
event_236,user_73,income,True,30,False,True,confirmed,67348.16,INR,2023-02-05,Confirmed Monthly Salary,
event_237,user_73,recurring_expense,True,30,False,True,confirmed,23477.68,INR,2023-02-10,Apartment Rent & Essential Utilities,
event_238,user_73,recurring_expense,True,15,False,True,confirmed,5285.44,INR,2023-01-24,Bi-weekly Groceries & Commuting,
event_239,user_73,recurring_expense,True,30,True,False,confirmed,6860.61,INR,2023-01-27,Streaming Services & Dining Out Club,
event_240,user_73,recurring_expense,True,30,True,False,confirmed,5292.93,INR,2023-02-01,Fitness & Luxury Lifestyle Subscription,
event_241,user_74,income,True,30,False,True,confirmed,4467.71,ZAR,2025-08-27,Confirmed Monthly Salary,
event_242,user_74,recurring_expense,True,30,False,True,confirmed,1472.43,ZAR,2025-09-01,Apartment Rent & Essential Utilities,
event_243,user_74,recurring_expense,True,15,False,True,confirmed,419.12,ZAR,2025-08-08,Bi-weekly Groceries & Commuting,
event_244,user_74,recurring_expense,True,30,True,False,confirmed,365.26,ZAR,2025-08-11,Streaming Services & Dining Out Club,
event_245,user_74,recurring_expense,True,30,True,False,confirmed,169.19,ZAR,2025-08-16,Fitness & Luxury Lifestyle Subscription,
event_246,user_75,income,True,30,False,True,confirmed,31425.99,ZAR,2026-04-16,Confirmed Monthly Salary,
event_247,user_75,recurring_expense,True,30,False,True,confirmed,9385.61,ZAR,2026-04-21,Apartment Rent & Essential Utilities,
event_248,user_75,recurring_expense,True,15,False,True,confirmed,3836.18,ZAR,2026-04-10,Bi-weekly Groceries & Commuting,
event_249,user_75,recurring_expense,True,30,True,False,confirmed,2882.88,ZAR,2026-04-13,Streaming Services & Dining Out Club,
event_250,user_75,recurring_expense,True,30,True,False,confirmed,2330.77,ZAR,2026-04-18,Fitness & Luxury Lifestyle Subscription,
event_251,user_76,income,True,30,False,True,confirmed,4257.68,USD,2024-06-20,Confirmed Monthly Salary,
event_252,user_76,recurring_expense,True,30,False,True,confirmed,1546.24,USD,2024-06-25,Apartment Rent & Essential Utilities,
event_253,user_76,recurring_expense,True,15,False,True,confirmed,329.92,USD,2024-06-07,Bi-weekly Groceries & Commuting,
event_254,user_76,recurring_expense,True,30,True,False,confirmed,237.2,USD,2024-06-10,Streaming Services & Dining Out Club,
event_255,user_76,recurring_expense,True,30,True,False,confirmed,222.06,USD,2024-06-15,Fitness & Luxury Lifestyle Subscription,
event_256,user_77,income,True,30,False,True,confirmed,74297.7,INR,2025-11-29,Confirmed Monthly Salary,
event_257,user_77,recurring_expense,True,30,False,True,confirmed,25340.08,INR,2025-12-04,Apartment Rent & Essential Utilities,
event_258,user_77,recurring_expense,True,15,False,True,confirmed,7110.97,INR,2025-11-09,Bi-weekly Groceries & Commuting,
event_259,user_77,recurring_expense,True,30,True,False,confirmed,4836.02,INR,2025-11-12,Streaming Services & Dining Out Club,
event_260,user_77,recurring_expense,True,30,True,False,confirmed,4132.24,INR,2025-11-17,Fitness & Luxury Lifestyle Subscription,
event_261,user_78,income,True,30,False,True,confirmed,57487.68,INR,2025-10-13,Confirmed Monthly Salary,
event_262,user_78,recurring_expense,True,30,False,True,confirmed,15328.14,INR,2025-10-18,Apartment Rent & Essential Utilities,
event_263,user_78,recurring_expense,True,15,False,True,confirmed,6261.03,INR,2025-10-06,Bi-weekly Groceries & Commuting,
event_264,user_78,recurring_expense,True,30,True,False,confirmed,5261.24,INR,2025-10-09,Streaming Services & Dining Out Club,
event_265,user_78,recurring_expense,True,30,True,False,confirmed,3239.24,INR,2025-10-14,Fitness & Luxury Lifestyle Subscription,
event_266,user_79,income,True,30,False,True,confirmed,2384.88,EUR,2024-09-22,Confirmed Monthly Salary,
event_267,user_79,recurring_expense,True,30,False,True,confirmed,675.11,EUR,2024-09-27,Apartment Rent & Essential Utilities,
event_268,user_79,recurring_expense,True,15,False,True,confirmed,296.25,EUR,2024-09-08,Bi-weekly Groceries & Commuting,
event_269,user_79,recurring_expense,True,30,True,False,confirmed,128.39,EUR,2024-09-11,Streaming Services & Dining Out Club,
event_270,user_79,recurring_expense,True,30,True,False,confirmed,95.92,EUR,2024-09-16,Fitness & Luxury Lifestyle Subscription,
event_271,user_80,income,True,30,False,True,confirmed,379607.99,INR,2025-02-11,Confirmed Monthly Salary,
event_272,user_80,recurring_expense,True,30,False,True,confirmed,138595.8,INR,2025-02-16,Apartment Rent & Essential Utilities,
event_273,user_80,recurring_expense,True,15,False,True,confirmed,42974.68,INR,2025-02-10,Bi-weekly Groceries & Commuting,
event_274,user_80,recurring_expense,True,30,True,False,confirmed,26671.75,INR,2025-02-13,Streaming Services & Dining Out Club,
event_275,user_80,recurring_expense,True,30,True,False,confirmed,13665.59,INR,2025-02-18,Fitness & Luxury Lifestyle Subscription,
event_276,user_81,income,True,30,False,True,confirmed,2693.37,USD,2026-07-15,Confirmed Monthly Salary,
event_277,user_81,recurring_expense,True,30,False,True,confirmed,847.33,USD,2026-07-20,Apartment Rent & Essential Utilities,
event_278,user_81,recurring_expense,True,15,False,True,confirmed,219.4,USD,2026-07-07,Bi-weekly Groceries & Commuting,
event_279,user_81,recurring_expense,True,30,True,False,confirmed,235.08,USD,2026-07-10,Streaming Services & Dining Out Club,
event_280,user_81,recurring_expense,True,30,True,False,confirmed,111.79,USD,2026-07-15,Fitness & Luxury Lifestyle Subscription,
event_281,user_82,income,True,30,False,True,confirmed,1909.28,USD,2024-12-24,Confirmed Monthly Salary,
event_282,user_82,recurring_expense,True,30,False,True,confirmed,668.64,USD,2024-12-29,Apartment Rent & Essential Utilities,
event_283,user_82,recurring_expense,True,15,False,True,confirmed,177.0,USD,2024-12-09,Bi-weekly Groceries & Commuting,
event_284,user_82,recurring_expense,True,30,True,False,confirmed,148.53,USD,2024-12-12,Streaming Services & Dining Out Club,
event_285,user_82,recurring_expense,True,30,True,False,confirmed,128.12,USD,2024-12-17,Fitness & Luxury Lifestyle Subscription,
event_286,user_83,income,True,30,False,True,confirmed,193097.5,INR,2025-05-13,Confirmed Monthly Salary,
event_287,user_83,recurring_expense,True,30,False,True,confirmed,61590.98,INR,2025-05-18,Apartment Rent & Essential Utilities,
event_288,user_83,recurring_expense,True,15,False,True,confirmed,15234.07,INR,2025-05-11,Bi-weekly Groceries & Commuting,
event_289,user_83,recurring_expense,True,30,True,False,confirmed,13886.46,INR,2025-05-14,Streaming Services & Dining Out Club,
event_290,user_83,recurring_expense,True,30,True,False,confirmed,9937.61,INR,2025-05-19,Fitness & Luxury Lifestyle Subscription,
event_291,user_84,income,True,30,False,True,confirmed,114901.94,INR,2026-04-17,Confirmed Monthly Salary,
event_292,user_84,recurring_expense,True,30,False,True,confirmed,39758.51,INR,2026-04-22,Apartment Rent & Essential Utilities,
event_293,user_84,recurring_expense,True,15,False,True,confirmed,10280.94,INR,2026-04-08,Bi-weekly Groceries & Commuting,
event_294,user_84,recurring_expense,True,30,True,False,confirmed,9002.83,INR,2026-04-11,Streaming Services & Dining Out Club,
event_295,user_84,recurring_expense,True,30,True,False,confirmed,8997.97,INR,2026-04-16,Fitness & Luxury Lifestyle Subscription,
event_296,user_85,income,True,30,False,True,confirmed,18761039.88,IDR,2024-03-26,Confirmed Monthly Salary,
event_297,user_85,recurring_expense,True,30,False,True,confirmed,7356994.45,IDR,2024-03-31,Apartment Rent & Essential Utilities,
event_298,user_85,recurring_expense,True,15,False,True,confirmed,1838672.8,IDR,2024-03-10,Bi-weekly Groceries & Commuting,
event_299,user_85,recurring_expense,True,30,True,False,confirmed,1843698.1,IDR,2024-03-13,Streaming Services & Dining Out Club,
event_300,user_85,recurring_expense,True,30,True,False,confirmed,902267.83,IDR,2024-03-18,Fitness & Luxury Lifestyle Subscription,
event_301,user_86,income,True,30,False,True,confirmed,57259.76,INR,2025-08-10,Confirmed Monthly Salary,
event_302,user_86,recurring_expense,True,30,False,True,confirmed,15224.19,INR,2025-08-15,Apartment Rent & Essential Utilities,
event_303,user_86,recurring_expense,True,15,False,True,confirmed,5541.82,INR,2025-08-07,Bi-weekly Groceries & Commuting,
event_304,user_86,recurring_expense,True,30,True,False,confirmed,4468.06,INR,2025-08-10,Streaming Services & Dining Out Club,
event_305,user_86,recurring_expense,True,30,True,False,confirmed,1942.96,INR,2025-08-15,Fitness & Luxury Lifestyle Subscription,
event_306,user_87,income,True,30,False,True,confirmed,815048.86,INR,2026-01-19,Confirmed Monthly Salary,
event_307,user_87,recurring_expense,True,30,False,True,confirmed,294942.32,INR,2026-01-24,Apartment Rent & Essential Utilities,
event_308,user_87,recurring_expense,True,15,False,True,confirmed,70158.26,INR,2026-01-09,Bi-weekly Groceries & Commuting,
event_309,user_87,recurring_expense,True,30,True,False,confirmed,85203.78,INR,2026-01-12,Streaming Services & Dining Out Club,
event_310,user_87,recurring_expense,True,30,True,False,confirmed,27564.11,INR,2026-01-17,Fitness & Luxury Lifestyle Subscription,
event_311,user_88,income,True,30,False,True,confirmed,37395.7,ZAR,2024-06-28,Confirmed Monthly Salary,
event_312,user_88,recurring_expense,True,30,False,True,confirmed,12325.28,ZAR,2024-07-03,Apartment Rent & Essential Utilities,
event_313,user_88,recurring_expense,True,15,False,True,confirmed,3167.24,ZAR,2024-06-11,Bi-weekly Groceries & Commuting,
event_314,user_88,recurring_expense,True,30,True,False,confirmed,3901.72,ZAR,2024-06-14,Streaming Services & Dining Out Club,
event_315,user_88,recurring_expense,True,30,True,False,confirmed,1778.35,ZAR,2024-06-19,Fitness & Luxury Lifestyle Subscription,
event_316,user_89,income,True,30,False,True,confirmed,24186120.39,IDR,2025-11-12,Confirmed Monthly Salary,
event_317,user_89,recurring_expense,True,30,False,True,confirmed,8388144.33,IDR,2025-11-17,Apartment Rent & Essential Utilities,
event_318,user_89,recurring_expense,True,15,False,True,confirmed,1992561.24,IDR,2025-11-08,Bi-weekly Groceries & Commuting,
event_319,user_89,recurring_expense,True,30,True,False,confirmed,1383357.01,IDR,2025-11-11,Streaming Services & Dining Out Club,
event_320,user_89,recurring_expense,True,30,True,False,confirmed,1035127.52,IDR,2025-11-16,Fitness & Luxury Lifestyle Subscription,
event_321,user_90,income,True,30,False,True,confirmed,2492.16,ZAR,2026-07-21,Confirmed Monthly Salary,
event_322,user_90,recurring_expense,True,30,False,True,confirmed,680.19,ZAR,2026-07-26,Apartment Rent & Essential Utilities,
event_323,user_90,recurring_expense,True,15,False,True,confirmed,281.51,ZAR,2026-07-10,Bi-weekly Groceries & Commuting,
event_324,user_90,recurring_expense,True,30,True,False,confirmed,137.75,ZAR,2026-07-13,Streaming Services & Dining Out Club,
event_325,user_90,recurring_expense,True,30,True,False,confirmed,193.3,ZAR,2026-07-18,Fitness & Luxury Lifestyle Subscription,
event_326,user_91,income,True,30,False,True,confirmed,2751.94,EUR,2024-09-25,Confirmed Monthly Salary,
event_327,user_91,recurring_expense,True,30,False,True,confirmed,879.5,EUR,2024-09-30,Apartment Rent & Essential Utilities,
event_328,user_91,recurring_expense,True,15,False,True,confirmed,283.96,EUR,2024-09-07,Bi-weekly Groceries & Commuting,
event_329,user_91,recurring_expense,True,30,True,False,confirmed,249.22,EUR,2024-09-10,Streaming Services & Dining Out Club,
event_330,user_91,recurring_expense,True,30,True,False,confirmed,176.28,EUR,2024-09-15,Fitness & Luxury Lifestyle Subscription,
event_331,user_92,income,True,30,False,True,confirmed,57246.83,ZAR,2025-02-14,Confirmed Monthly Salary,
event_332,user_92,recurring_expense,True,30,False,True,confirmed,19833.09,ZAR,2025-02-19,Apartment Rent & Essential Utilities,
event_333,user_92,recurring_expense,True,15,False,True,confirmed,7117.31,ZAR,2025-02-09,Bi-weekly Groceries & Commuting,
event_334,user_92,recurring_expense,True,30,True,False,confirmed,4157.53,ZAR,2025-02-12,Streaming Services & Dining Out Club,
event_335,user_92,recurring_expense,True,30,True,False,confirmed,4496.66,ZAR,2025-02-17,Fitness & Luxury Lifestyle Subscription,
event_336,user_93,income,True,30,False,True,confirmed,1930.03,USD,2026-04-23,Confirmed Monthly Salary,
event_337,user_93,recurring_expense,True,30,False,True,confirmed,609.82,USD,2026-04-28,Apartment Rent & Essential Utilities,
event_338,user_93,recurring_expense,True,15,False,True,confirmed,190.0,USD,2026-04-11,Bi-weekly Groceries & Commuting,
event_339,user_93,recurring_expense,True,30,True,False,confirmed,181.8,USD,2026-04-14,Streaming Services & Dining Out Club,
event_340,user_93,recurring_expense,True,30,True,False,confirmed,134.75,USD,2026-04-19,Fitness & Luxury Lifestyle Subscription,
event_341,user_94,income,True,30,False,True,confirmed,795.89,EUR,2024-12-27,Confirmed Monthly Salary,
event_342,user_94,recurring_expense,True,30,False,True,confirmed,240.99,EUR,2025-01-01,Apartment Rent & Essential Utilities,
event_343,user_94,recurring_expense,True,15,False,True,confirmed,62.65,EUR,2024-12-08,Bi-weekly Groceries & Commuting,
event_344,user_94,recurring_expense,True,30,True,False,confirmed,65.52,EUR,2024-12-11,Streaming Services & Dining Out Club,
event_345,user_94,recurring_expense,True,30,True,False,confirmed,25.37,EUR,2024-12-16,Fitness & Luxury Lifestyle Subscription,
event_346,user_95,income,True,30,False,True,confirmed,646311.89,INR,2025-05-16,Confirmed Monthly Salary,
event_347,user_95,recurring_expense,True,30,False,True,confirmed,189409.17,INR,2025-05-21,Apartment Rent & Essential Utilities,
event_348,user_95,recurring_expense,True,15,False,True,confirmed,69306.17,INR,2025-05-10,Bi-weekly Groceries & Commuting,
event_349,user_95,recurring_expense,True,30,True,False,confirmed,76533.54,INR,2025-05-13,Streaming Services & Dining Out Club,
event_350,user_95,recurring_expense,True,30,True,False,confirmed,22307.34,INR,2025-05-18,Fitness & Luxury Lifestyle Subscription,
event_351,user_96,income,True,30,False,True,confirmed,125746.0,INR,2026-01-20,Confirmed Monthly Salary,
event_352,user_96,recurring_expense,True,30,False,True,confirmed,38688.57,INR,2026-01-25,Apartment Rent & Essential Utilities,
event_353,user_96,recurring_expense,True,15,False,True,confirmed,13079.66,INR,2026-01-07,Bi-weekly Groceries & Commuting,
event_354,user_96,recurring_expense,True,30,True,False,confirmed,14686.66,INR,2026-01-10,Streaming Services & Dining Out Club,
event_355,user_96,recurring_expense,True,30,True,False,confirmed,8418.2,INR,2026-01-15,Fitness & Luxury Lifestyle Subscription,
event_356,user_97,income,True,30,False,True,confirmed,19760.67,ZAR,2024-03-29,Confirmed Monthly Salary,
event_357,user_97,recurring_expense,True,30,False,True,confirmed,7634.68,ZAR,2024-04-03,Apartment Rent & Essential Utilities,
event_358,user_97,recurring_expense,True,15,False,True,confirmed,2046.87,ZAR,2024-03-09,Bi-weekly Groceries & Commuting,
event_359,user_97,recurring_expense,True,30,True,False,confirmed,1248.42,ZAR,2024-03-12,Streaming Services & Dining Out Club,
event_360,user_97,recurring_expense,True,30,True,False,confirmed,1190.59,ZAR,2024-03-17,Fitness & Luxury Lifestyle Subscription,
event_361,user_98,income,True,30,False,True,confirmed,35329.52,ZAR,2025-08-18,Confirmed Monthly Salary,
event_362,user_98,recurring_expense,True,30,False,True,confirmed,13907.76,ZAR,2025-08-23,Apartment Rent & Essential Utilities,
event_363,user_98,recurring_expense,True,15,False,True,confirmed,3445.55,ZAR,2025-08-11,Bi-weekly Groceries & Commuting,
event_364,user_98,recurring_expense,True,30,True,False,confirmed,3772.05,ZAR,2025-08-14,Streaming Services & Dining Out Club,
event_365,user_98,recurring_expense,True,30,True,False,confirmed,2539.09,ZAR,2025-08-19,Fitness & Luxury Lifestyle Subscription,
event_366,user_99,income,True,30,False,True,confirmed,32193.45,ZAR,2026-07-22,Confirmed Monthly Salary,
event_367,user_99,recurring_expense,True,30,False,True,confirmed,8455.59,ZAR,2026-07-27,Apartment Rent & Essential Utilities,
event_368,user_99,recurring_expense,True,15,False,True,confirmed,3454.56,ZAR,2026-07-08,Bi-weekly Groceries & Commuting,
event_369,user_99,recurring_expense,True,30,True,False,confirmed,1697.88,ZAR,2026-07-11,Streaming Services & Dining Out Club,
event_370,user_99,recurring_expense,True,30,True,False,confirmed,2104.84,ZAR,2026-07-16,Fitness & Luxury Lifestyle Subscription,
event_371,user_100,income,True,30,False,True,confirmed,66470.66,ZAR,2024-06-11,Confirmed Monthly Salary,
event_372,user_100,recurring_expense,True,30,False,True,confirmed,21842.94,ZAR,2024-06-16,Apartment Rent & Essential Utilities,
event_373,user_100,recurring_expense,True,15,False,True,confirmed,7012.01,ZAR,2024-06-10,Bi-weekly Groceries & Commuting,
event_374,user_100,recurring_expense,True,30,True,False,confirmed,5016.73,ZAR,2024-06-13,Streaming Services & Dining Out Club,
event_375,user_100,recurring_expense,True,30,True,False,confirmed,5044.91,ZAR,2024-06-18,Fitness & Luxury Lifestyle Subscription,
event_376,user_101,income,True,30,False,True,confirmed,170394.28,INR,2025-11-15,Confirmed Monthly Salary,
event_377,user_101,recurring_expense,True,30,False,True,confirmed,62393.23,INR,2025-11-20,Apartment Rent & Essential Utilities,
event_378,user_101,recurring_expense,True,15,False,True,confirmed,18563.58,INR,2025-11-07,Bi-weekly Groceries & Commuting,
event_379,user_101,recurring_expense,True,30,True,False,confirmed,9144.31,INR,2025-11-10,Streaming Services & Dining Out Club,
event_380,user_101,recurring_expense,True,30,True,False,confirmed,10486.8,INR,2025-11-15,Fitness & Luxury Lifestyle Subscription,
event_381,user_102,income,True,30,False,True,confirmed,1947.06,EUR,2026-04-24,Confirmed Monthly Salary,
event_382,user_102,recurring_expense,True,30,False,True,confirmed,583.05,EUR,2026-04-29,Apartment Rent & Essential Utilities,
event_383,user_102,recurring_expense,True,15,False,True,confirmed,200.35,EUR,2026-04-09,Bi-weekly Groceries & Commuting,
event_384,user_102,recurring_expense,True,30,True,False,confirmed,150.04,EUR,2026-04-12,Streaming Services & Dining Out Club,
event_385,user_102,recurring_expense,True,30,True,False,confirmed,82.94,EUR,2026-04-17,Fitness & Luxury Lifestyle Subscription,
event_386,user_103,income,True,30,False,True,confirmed,608271.85,INR,2024-09-13,Confirmed Monthly Salary,
event_387,user_103,recurring_expense,True,30,False,True,confirmed,240061.48,INR,2024-09-18,Apartment Rent & Essential Utilities,
event_388,user_103,recurring_expense,True,15,False,True,confirmed,63950.68,INR,2024-09-11,Bi-weekly Groceries & Commuting,
event_389,user_103,recurring_expense,True,30,True,False,confirmed,36816.34,INR,2024-09-14,Streaming Services & Dining Out Club,
event_390,user_103,recurring_expense,True,30,True,False,confirmed,20726.92,INR,2024-09-19,Fitness & Luxury Lifestyle Subscription,
event_391,user_104,income,True,30,False,True,confirmed,25179.98,ZAR,2025-02-17,Confirmed Monthly Salary,
event_392,user_104,recurring_expense,True,30,False,True,confirmed,9757.54,ZAR,2025-02-22,Apartment Rent & Essential Utilities,
event_393,user_104,recurring_expense,True,15,False,True,confirmed,2279.08,ZAR,2025-02-08,Bi-weekly Groceries & Commuting,
event_394,user_104,recurring_expense,True,30,True,False,confirmed,2415.36,ZAR,2025-02-11,Streaming Services & Dining Out Club,
event_395,user_104,recurring_expense,True,30,True,False,confirmed,1589.03,ZAR,2025-02-16,Fitness & Luxury Lifestyle Subscription,
event_396,user_105,income,True,30,False,True,confirmed,49698.91,INR,2026-06-28,Confirmed Monthly Salary,
event_397,user_105,recurring_expense,True,30,False,True,confirmed,17708.97,INR,2026-07-03,Apartment Rent & Essential Utilities,
event_398,user_105,recurring_expense,True,15,False,True,confirmed,3937.94,INR,2026-06-12,Bi-weekly Groceries & Commuting,
event_399,user_105,recurring_expense,True,30,True,False,confirmed,4429.39,INR,2026-06-15,Streaming Services & Dining Out Club,
event_400,user_105,recurring_expense,True,30,True,False,confirmed,3090.01,INR,2026-06-20,Fitness & Luxury Lifestyle Subscription,
event_401,user_106,income,True,30,False,True,confirmed,2491.34,EUR,2024-12-10,Confirmed Monthly Salary,
event_402,user_106,recurring_expense,True,30,False,True,confirmed,670.59,EUR,2024-12-15,Apartment Rent & Essential Utilities,
event_403,user_106,recurring_expense,True,15,False,True,confirmed,274.4,EUR,2024-12-07,Bi-weekly Groceries & Commuting,
event_404,user_106,recurring_expense,True,30,True,False,confirmed,289.74,EUR,2024-12-10,Streaming Services & Dining Out Club,
event_405,user_106,recurring_expense,True,30,True,False,confirmed,198.95,EUR,2024-12-15,Fitness & Luxury Lifestyle Subscription,
event_406,user_107,income,True,30,False,True,confirmed,4340.03,EUR,2025-05-19,Confirmed Monthly Salary,
event_407,user_107,recurring_expense,True,30,False,True,confirmed,1145.85,EUR,2025-05-24,Apartment Rent & Essential Utilities,
event_408,user_107,recurring_expense,True,15,False,True,confirmed,470.99,EUR,2025-05-09,Bi-weekly Groceries & Commuting,
event_409,user_107,recurring_expense,True,30,True,False,confirmed,371.48,EUR,2025-05-12,Streaming Services & Dining Out Club,
event_410,user_107,recurring_expense,True,30,True,False,confirmed,134.16,EUR,2025-05-17,Fitness & Luxury Lifestyle Subscription,
event_411,user_108,income,True,30,False,True,confirmed,61329.16,ZAR,2026-07-28,Confirmed Monthly Salary,
event_412,user_108,recurring_expense,True,30,False,True,confirmed,24082.45,ZAR,2026-08-02,Apartment Rent & Essential Utilities,
event_413,user_108,recurring_expense,True,15,False,True,confirmed,5647.6,ZAR,2026-07-11,Bi-weekly Groceries & Commuting,
event_414,user_108,recurring_expense,True,30,True,False,confirmed,6355.6,ZAR,2026-07-14,Streaming Services & Dining Out Club,
event_415,user_108,recurring_expense,True,30,True,False,confirmed,2428.65,ZAR,2026-07-19,Fitness & Luxury Lifestyle Subscription,
event_416,user_109,income,True,30,False,True,confirmed,3354.08,EUR,2024-03-12,Confirmed Monthly Salary,
event_417,user_109,recurring_expense,True,30,False,True,confirmed,916.47,EUR,2024-03-17,Apartment Rent & Essential Utilities,
event_418,user_109,recurring_expense,True,15,False,True,confirmed,301.16,EUR,2024-03-08,Bi-weekly Groceries & Commuting,
event_419,user_109,recurring_expense,True,30,True,False,confirmed,352.74,EUR,2024-03-11,Streaming Services & Dining Out Club,
event_420,user_109,recurring_expense,True,30,True,False,confirmed,185.76,EUR,2024-03-16,Fitness & Luxury Lifestyle Subscription,
event_421,user_110,income,True,30,False,True,confirmed,29946.56,ZAR,2025-08-21,Confirmed Monthly Salary,
event_422,user_110,recurring_expense,True,30,False,True,confirmed,10804.62,ZAR,2025-08-26,Apartment Rent & Essential Utilities,
event_423,user_110,recurring_expense,True,15,False,True,confirmed,3034.39,ZAR,2025-08-10,Bi-weekly Groceries & Commuting,
event_424,user_110,recurring_expense,True,30,True,False,confirmed,2884.9,ZAR,2025-08-13,Streaming Services & Dining Out Club,
event_425,user_110,recurring_expense,True,30,True,False,confirmed,2210.64,ZAR,2025-08-18,Fitness & Luxury Lifestyle Subscription,
event_426,user_111,income,True,30,False,True,confirmed,23574773.11,IDR,2026-04-25,Confirmed Monthly Salary,
event_427,user_111,recurring_expense,True,30,False,True,confirmed,8005685.68,IDR,2026-04-30,Apartment Rent & Essential Utilities,
event_428,user_111,recurring_expense,True,15,False,True,confirmed,1949931.68,IDR,2026-04-07,Bi-weekly Groceries & Commuting,
event_429,user_111,recurring_expense,True,30,True,False,confirmed,1477176.84,IDR,2026-04-10,Streaming Services & Dining Out Club,
event_430,user_111,recurring_expense,True,30,True,False,confirmed,1523927.13,IDR,2026-04-15,Fitness & Luxury Lifestyle Subscription,
event_431,user_112,income,True,30,False,True,confirmed,387.1,EUR,2024-06-14,Confirmed Monthly Salary,
event_432,user_112,recurring_expense,True,30,False,True,confirmed,149.19,EUR,2024-06-19,Apartment Rent & Essential Utilities,
event_433,user_112,recurring_expense,True,15,False,True,confirmed,42.99,EUR,2024-06-09,Bi-weekly Groceries & Commuting,
event_434,user_112,recurring_expense,True,30,True,False,confirmed,20.54,EUR,2024-06-12,Streaming Services & Dining Out Club,
event_435,user_112,recurring_expense,True,30,True,False,confirmed,18.66,EUR,2024-06-17,Fitness & Luxury Lifestyle Subscription,
event_436,user_113,income,True,30,False,True,confirmed,55464.88,INR,2026-09-20,Confirmed Monthly Salary,
event_437,user_113,recurring_expense,True,30,False,True,confirmed,21932.94,INR,2026-09-25,Apartment Rent & Essential Utilities,
event_438,user_113,recurring_expense,True,15,False,True,confirmed,5853.19,INR,2026-09-08,Bi-weekly Groceries & Commuting,
event_439,user_113,recurring_expense,True,30,True,False,confirmed,5694.43,INR,2026-09-11,Streaming Services & Dining Out Club,
event_440,user_113,recurring_expense,True,30,True,False,confirmed,3837.62,INR,2026-09-16,Fitness & Luxury Lifestyle Subscription,
event_441,user_114,income,True,30,False,True,confirmed,67520.39,INR,2026-01-27,Confirmed Monthly Salary,
event_442,user_114,recurring_expense,True,30,False,True,confirmed,19302.41,INR,2026-02-01,Apartment Rent & Essential Utilities,
event_443,user_114,recurring_expense,True,15,False,True,confirmed,8323.9,INR,2026-01-08,Bi-weekly Groceries & Commuting,
event_444,user_114,recurring_expense,True,30,True,False,confirmed,7083.29,INR,2026-01-11,Streaming Services & Dining Out Club,
event_445,user_114,recurring_expense,True,30,True,False,confirmed,5077.45,INR,2026-01-16,Fitness & Luxury Lifestyle Subscription,
event_446,user_115,income,True,30,False,True,confirmed,80018.3,INR,2024-09-16,Confirmed Monthly Salary,
event_447,user_115,recurring_expense,True,30,False,True,confirmed,28146.12,INR,2024-09-21,Apartment Rent & Essential Utilities,
event_448,user_115,recurring_expense,True,15,False,True,confirmed,8283.57,INR,2024-09-10,Bi-weekly Groceries & Commuting,
event_449,user_115,recurring_expense,True,30,True,False,confirmed,6468.82,INR,2024-09-13,Streaming Services & Dining Out Club,
event_450,user_115,recurring_expense,True,30,True,False,confirmed,5479.01,INR,2024-09-18,Fitness & Luxury Lifestyle Subscription,
event_451,user_116,income,True,30,False,True,confirmed,380643.52,INR,2025-02-20,Confirmed Monthly Salary,
event_452,user_116,recurring_expense,True,30,False,True,confirmed,123875.11,INR,2025-02-25,Apartment Rent & Essential Utilities,
event_453,user_116,recurring_expense,True,15,False,True,confirmed,36516.29,INR,2025-02-07,Bi-weekly Groceries & Commuting,
event_454,user_116,recurring_expense,True,30,True,False,confirmed,23350.22,INR,2025-02-10,Streaming Services & Dining Out Club,
event_455,user_116,recurring_expense,True,30,True,False,confirmed,15219.99,INR,2025-02-15,Fitness & Luxury Lifestyle Subscription,
event_456,user_117,income,True,30,False,True,confirmed,1236.1,EUR,2026-07-29,Confirmed Monthly Salary,
event_457,user_117,recurring_expense,True,30,False,True,confirmed,470.89,EUR,2026-08-03,Apartment Rent & Essential Utilities,
event_458,user_117,recurring_expense,True,15,False,True,confirmed,95.93,EUR,2026-07-09,Bi-weekly Groceries & Commuting,
event_459,user_117,recurring_expense,True,30,True,False,confirmed,103.39,EUR,2026-07-12,Streaming Services & Dining Out Club,
event_460,user_117,recurring_expense,True,30,True,False,confirmed,60.03,EUR,2026-07-17,Fitness & Luxury Lifestyle Subscription,
event_461,user_118,income,True,30,False,True,confirmed,1280.08,EUR,2024-12-18,Confirmed Monthly Salary,
event_462,user_118,recurring_expense,True,30,False,True,confirmed,456.62,EUR,2024-12-23,Apartment Rent & Essential Utilities,
event_463,user_118,recurring_expense,True,15,False,True,confirmed,129.03,EUR,2024-12-11,Bi-weekly Groceries & Commuting,
event_464,user_118,recurring_expense,True,30,True,False,confirmed,75.18,EUR,2024-12-14,Streaming Services & Dining Out Club,
event_465,user_118,recurring_expense,True,30,True,False,confirmed,43.77,EUR,2024-12-19,Fitness & Luxury Lifestyle Subscription,
event_466,user_119,income,True,30,False,True,confirmed,195423.56,INR,2025-05-22,Confirmed Monthly Salary,
event_467,user_119,recurring_expense,True,30,False,True,confirmed,62027.02,INR,2025-05-27,Apartment Rent & Essential Utilities,
event_468,user_119,recurring_expense,True,15,False,True,confirmed,19672.83,INR,2025-05-08,Bi-weekly Groceries & Commuting,
event_469,user_119,recurring_expense,True,30,True,False,confirmed,21139.61,INR,2025-05-11,Streaming Services & Dining Out Club,
event_470,user_119,recurring_expense,True,30,True,False,confirmed,6758.86,INR,2025-05-16,Fitness & Luxury Lifestyle Subscription,
event_471,user_120,income,True,30,False,True,confirmed,13194835.21,IDR,2026-04-11,Confirmed Monthly Salary,
event_472,user_120,recurring_expense,True,30,False,True,confirmed,4915148.53,IDR,2026-04-16,Apartment Rent & Essential Utilities,
event_473,user_120,recurring_expense,True,15,False,True,confirmed,1573239.84,IDR,2026-04-10,Bi-weekly Groceries & Commuting,
event_474,user_120,recurring_expense,True,30,True,False,confirmed,1519161.42,IDR,2026-04-13,Streaming Services & Dining Out Club,
event_475,user_120,recurring_expense,True,30,True,False,confirmed,669569.87,IDR,2026-04-18,Fitness & Luxury Lifestyle Subscription,
event_476,user_121,income,True,30,False,True,confirmed,758.07,USD,2024-03-15,Confirmed Monthly Salary,
event_477,user_121,recurring_expense,True,30,False,True,confirmed,232.04,USD,2024-03-20,Apartment Rent & Essential Utilities,
event_478,user_121,recurring_expense,True,15,False,True,confirmed,71.49,USD,2024-03-07,Bi-weekly Groceries & Commuting,
event_479,user_121,recurring_expense,True,30,True,False,confirmed,42.23,USD,2024-03-10,Streaming Services & Dining Out Club,
event_480,user_121,recurring_expense,True,30,True,False,confirmed,31.25,USD,2024-03-15,Fitness & Luxury Lifestyle Subscription,
event_481,user_122,income,True,30,False,True,confirmed,22997923.67,IDR,2025-08-24,Confirmed Monthly Salary,
event_482,user_122,recurring_expense,True,30,False,True,confirmed,6091286.84,IDR,2025-08-29,Apartment Rent & Essential Utilities,
event_483,user_122,recurring_expense,True,15,False,True,confirmed,2546679.99,IDR,2025-08-09,Bi-weekly Groceries & Commuting,
event_484,user_122,recurring_expense,True,30,True,False,confirmed,1689664.92,IDR,2025-08-12,Streaming Services & Dining Out Club,
event_485,user_122,recurring_expense,True,30,True,False,confirmed,857879.25,IDR,2025-08-17,Fitness & Luxury Lifestyle Subscription,
event_486,user_123,income,True,30,False,True,confirmed,3416923.81,IDR,2026-01-13,Confirmed Monthly Salary,
event_487,user_123,recurring_expense,True,30,False,True,confirmed,1324431.88,IDR,2026-01-18,Apartment Rent & Essential Utilities,
event_488,user_123,recurring_expense,True,15,False,True,confirmed,336986.41,IDR,2026-01-11,Bi-weekly Groceries & Commuting,
event_489,user_123,recurring_expense,True,30,True,False,confirmed,369635.08,IDR,2026-01-14,Streaming Services & Dining Out Club,
event_490,user_123,recurring_expense,True,30,True,False,confirmed,232152.83,IDR,2026-01-19,Fitness & Luxury Lifestyle Subscription,
event_491,user_124,income,True,30,False,True,confirmed,3939.57,EUR,2024-06-17,Confirmed Monthly Salary,
event_492,user_124,recurring_expense,True,30,False,True,confirmed,1348.52,EUR,2024-06-22,Apartment Rent & Essential Utilities,
event_493,user_124,recurring_expense,True,15,False,True,confirmed,473.9,EUR,2024-06-08,Bi-weekly Groceries & Commuting,
event_494,user_124,recurring_expense,True,30,True,False,confirmed,202.22,EUR,2024-06-11,Streaming Services & Dining Out Club,
event_495,user_124,recurring_expense,True,30,True,False,confirmed,160.67,EUR,2024-06-16,Fitness & Luxury Lifestyle Subscription,
event_496,user_125,income,True,30,False,True,confirmed,6141.49,ZAR,2025-11-26,Confirmed Monthly Salary,
event_497,user_125,recurring_expense,True,30,False,True,confirmed,2401.53,ZAR,2025-12-01,Apartment Rent & Essential Utilities,
event_498,user_125,recurring_expense,True,15,False,True,confirmed,647.59,ZAR,2025-11-10,Bi-weekly Groceries & Commuting,
event_499,user_125,recurring_expense,True,30,True,False,confirmed,489.03,ZAR,2025-11-13,Streaming Services & Dining Out Club,
event_500,user_125,recurring_expense,True,30,True,False,confirmed,422.59,ZAR,2025-11-18,Fitness & Luxury Lifestyle Subscription,
event_501,user_126,income,True,30,False,True,confirmed,165607.38,INR,2026-07-10,Confirmed Monthly Salary,
event_502,user_126,recurring_expense,True,30,False,True,confirmed,44428.69,INR,2026-07-15,Apartment Rent & Essential Utilities,
event_503,user_126,recurring_expense,True,15,False,True,confirmed,14394.92,INR,2026-07-07,Bi-weekly Groceries & Commuting,
event_504,user_126,recurring_expense,True,30,True,False,confirmed,15687.43,INR,2026-07-10,Streaming Services & Dining Out Club,
event_505,user_126,recurring_expense,True,30,True,False,confirmed,10125.32,INR,2026-07-15,Fitness & Luxury Lifestyle Subscription,
event_506,user_127,income,True,30,False,True,confirmed,20690.12,ZAR,2024-09-19,Confirmed Monthly Salary,
event_507,user_127,recurring_expense,True,30,False,True,confirmed,7769.21,ZAR,2024-09-24,Apartment Rent & Essential Utilities,
event_508,user_127,recurring_expense,True,15,False,True,confirmed,2068.84,ZAR,2024-09-09,Bi-weekly Groceries & Commuting,
event_509,user_127,recurring_expense,True,30,True,False,confirmed,1810.88,ZAR,2024-09-12,Streaming Services & Dining Out Club,
event_510,user_127,recurring_expense,True,30,True,False,confirmed,1274.46,ZAR,2024-09-17,Fitness & Luxury Lifestyle Subscription,
event_511,user_128,income,True,30,False,True,confirmed,34607.19,ZAR,2025-02-28,Confirmed Monthly Salary,
event_512,user_128,recurring_expense,True,30,False,True,confirmed,12381.82,ZAR,2025-03-05,Apartment Rent & Essential Utilities,
event_513,user_128,recurring_expense,True,15,False,True,confirmed,3099.55,ZAR,2025-02-11,Bi-weekly Groceries & Commuting,
event_514,user_128,recurring_expense,True,30,True,False,confirmed,1734.15,ZAR,2025-02-14,Streaming Services & Dining Out Club,
event_515,user_128,recurring_expense,True,30,True,False,confirmed,1648.71,ZAR,2025-02-19,Fitness & Luxury Lifestyle Subscription,
event_516,user_129,income,True,30,False,True,confirmed,3658.03,USD,2026-04-12,Confirmed Monthly Salary,
event_517,user_129,recurring_expense,True,30,False,True,confirmed,1017.29,USD,2026-04-17,Apartment Rent & Essential Utilities,
event_518,user_129,recurring_expense,True,15,False,True,confirmed,396.57,USD,2026-04-08,Bi-weekly Groceries & Commuting,
event_519,user_129,recurring_expense,True,30,True,False,confirmed,316.95,USD,2026-04-11,Streaming Services & Dining Out Club,
event_520,user_129,recurring_expense,True,30,True,False,confirmed,175.7,USD,2026-04-16,Fitness & Luxury Lifestyle Subscription,
event_521,user_130,income,True,30,False,True,confirmed,3469.64,USD,2024-12-21,Confirmed Monthly Salary,
event_522,user_130,recurring_expense,True,30,False,True,confirmed,1150.58,USD,2024-12-26,Apartment Rent & Essential Utilities,
event_523,user_130,recurring_expense,True,15,False,True,confirmed,396.65,USD,2024-12-10,Bi-weekly Groceries & Commuting,
event_524,user_130,recurring_expense,True,30,True,False,confirmed,296.77,USD,2024-12-13,Streaming Services & Dining Out Club,
event_525,user_130,recurring_expense,True,30,True,False,confirmed,107.62,USD,2024-12-18,Fitness & Luxury Lifestyle Subscription,
event_526,user_131,income,True,30,False,True,confirmed,3104.36,USD,2025-05-25,Confirmed Monthly Salary,
event_527,user_131,recurring_expense,True,30,False,True,confirmed,796.36,USD,2025-05-30,Apartment Rent & Essential Utilities,
event_528,user_131,recurring_expense,True,15,False,True,confirmed,292.88,USD,2025-05-07,Bi-weekly Groceries & Commuting,
event_529,user_131,recurring_expense,True,30,True,False,confirmed,236.34,USD,2025-05-10,Streaming Services & Dining Out Club,
event_530,user_131,recurring_expense,True,30,True,False,confirmed,209.13,USD,2025-05-15,Fitness & Luxury Lifestyle Subscription,
event_531,user_132,income,True,30,False,True,confirmed,439.53,USD,2026-01-14,Confirmed Monthly Salary,
event_532,user_132,recurring_expense,True,30,False,True,confirmed,114.34,USD,2026-01-19,Apartment Rent & Essential Utilities,
event_533,user_132,recurring_expense,True,15,False,True,confirmed,38.27,USD,2026-01-09,Bi-weekly Groceries & Commuting,
event_534,user_132,recurring_expense,True,30,True,False,confirmed,42.19,USD,2026-01-12,Streaming Services & Dining Out Club,
event_535,user_132,recurring_expense,True,30,True,False,confirmed,15.46,USD,2026-01-17,Fitness & Luxury Lifestyle Subscription,
event_536,user_133,income,True,30,False,True,confirmed,21792615.38,IDR,2024-03-23,Confirmed Monthly Salary,
event_537,user_133,recurring_expense,True,30,False,True,confirmed,7921655.77,IDR,2024-03-28,Apartment Rent & Essential Utilities,
event_538,user_133,recurring_expense,True,15,False,True,confirmed,1779813.34,IDR,2024-03-11,Bi-weekly Groceries & Commuting,
event_539,user_133,recurring_expense,True,30,True,False,confirmed,1627057.0,IDR,2024-03-14,Streaming Services & Dining Out Club,
event_540,user_133,recurring_expense,True,30,True,False,confirmed,1022669.97,IDR,2024-03-19,Fitness & Luxury Lifestyle Subscription,
event_541,user_134,income,True,30,False,True,confirmed,31497671.1,IDR,2025-08-27,Confirmed Monthly Salary,
event_542,user_134,recurring_expense,True,30,False,True,confirmed,11797690.47,IDR,2025-09-01,Apartment Rent & Essential Utilities,
event_543,user_134,recurring_expense,True,15,False,True,confirmed,3440620.65,IDR,2025-08-08,Bi-weekly Groceries & Commuting,
event_544,user_134,recurring_expense,True,30,True,False,confirmed,3737429.96,IDR,2025-08-11,Streaming Services & Dining Out Club,
event_545,user_134,recurring_expense,True,30,True,False,confirmed,1698561.01,IDR,2025-08-16,Fitness & Luxury Lifestyle Subscription,
event_546,user_135,income,True,30,False,True,confirmed,299.4,USD,2026-07-16,Confirmed Monthly Salary,
event_547,user_135,recurring_expense,True,30,False,True,confirmed,80.91,USD,2026-07-21,Apartment Rent & Essential Utilities,
event_548,user_135,recurring_expense,True,15,False,True,confirmed,33.17,USD,2026-07-10,Bi-weekly Groceries & Commuting,
event_549,user_135,recurring_expense,True,30,True,False,confirmed,34.75,USD,2026-07-13,Streaming Services & Dining Out Club,
event_550,user_135,recurring_expense,True,30,True,False,confirmed,9.54,USD,2026-07-18,Fitness & Luxury Lifestyle Subscription,
event_551,user_136,income,True,30,False,True,confirmed,561.29,USD,2024-06-20,Confirmed Monthly Salary,
event_552,user_136,recurring_expense,True,30,False,True,confirmed,206.93,USD,2024-06-25,Apartment Rent & Essential Utilities,
event_553,user_136,recurring_expense,True,15,False,True,confirmed,66.95,USD,2024-06-07,Bi-weekly Groceries & Commuting,
event_554,user_136,recurring_expense,True,30,True,False,confirmed,40.46,USD,2024-06-10,Streaming Services & Dining Out Club,
event_555,user_136,recurring_expense,True,30,True,False,confirmed,25.54,USD,2024-06-15,Fitness & Luxury Lifestyle Subscription,
event_556,user_137,income,True,30,False,True,confirmed,95977.75,INR,2025-11-29,Confirmed Monthly Salary,
event_557,user_137,recurring_expense,True,30,False,True,confirmed,35733.56,INR,2025-12-04,Apartment Rent & Essential Utilities,
event_558,user_137,recurring_expense,True,15,False,True,confirmed,9470.12,INR,2025-11-09,Bi-weekly Groceries & Commuting,
event_559,user_137,recurring_expense,True,30,True,False,confirmed,5044.92,INR,2025-11-12,Streaming Services & Dining Out Club,
event_560,user_137,recurring_expense,True,30,True,False,confirmed,5983.74,INR,2025-11-17,Fitness & Luxury Lifestyle Subscription,
event_561,user_138,income,True,30,False,True,confirmed,1365.18,EUR,2026-04-18,Confirmed Monthly Salary,
event_562,user_138,recurring_expense,True,30,False,True,confirmed,517.84,EUR,2026-04-23,Apartment Rent & Essential Utilities,
event_563,user_138,recurring_expense,True,15,False,True,confirmed,105.65,EUR,2026-04-11,Bi-weekly Groceries & Commuting,
event_564,user_138,recurring_expense,True,30,True,False,confirmed,130.92,EUR,2026-04-14,Streaming Services & Dining Out Club,
event_565,user_138,recurring_expense,True,30,True,False,confirmed,59.6,EUR,2026-04-19,Fitness & Luxury Lifestyle Subscription,
event_566,user_139,income,True,30,False,True,confirmed,3704.08,USD,2024-09-22,Confirmed Monthly Salary,
event_567,user_139,recurring_expense,True,30,False,True,confirmed,1168.8,USD,2024-09-27,Apartment Rent & Essential Utilities,
event_568,user_139,recurring_expense,True,15,False,True,confirmed,351.89,USD,2024-09-08,Bi-weekly Groceries & Commuting,
event_569,user_139,recurring_expense,True,30,True,False,confirmed,299.22,USD,2024-09-11,Streaming Services & Dining Out Club,
event_570,user_139,recurring_expense,True,30,True,False,confirmed,288.27,USD,2024-09-16,Fitness & Luxury Lifestyle Subscription,
event_571,user_140,income,True,30,False,True,confirmed,71567.95,ZAR,2025-02-11,Confirmed Monthly Salary,
event_572,user_140,recurring_expense,True,30,False,True,confirmed,19897.51,ZAR,2025-02-16,Apartment Rent & Essential Utilities,
event_573,user_140,recurring_expense,True,15,False,True,confirmed,7844.09,ZAR,2025-02-10,Bi-weekly Groceries & Commuting,
event_574,user_140,recurring_expense,True,30,True,False,confirmed,5418.72,ZAR,2025-02-13,Streaming Services & Dining Out Club,
event_575,user_140,recurring_expense,True,30,True,False,confirmed,5000.06,ZAR,2025-02-18,Fitness & Luxury Lifestyle Subscription,
event_576,user_141,income,True,30,False,True,confirmed,183049.27,INR,2026-01-15,Confirmed Monthly Salary,
event_577,user_141,recurring_expense,True,30,False,True,confirmed,48030.61,INR,2026-01-20,Apartment Rent & Essential Utilities,
event_578,user_141,recurring_expense,True,15,False,True,confirmed,17613.92,INR,2026-01-07,Bi-weekly Groceries & Commuting,
event_579,user_141,recurring_expense,True,30,True,False,confirmed,14670.03,INR,2026-01-10,Streaming Services & Dining Out Club,
event_580,user_141,recurring_expense,True,30,True,False,confirmed,14599.08,INR,2026-01-15,Fitness & Luxury Lifestyle Subscription,
event_581,user_142,income,True,30,False,True,confirmed,1238.9,USD,2024-12-24,Confirmed Monthly Salary,
event_582,user_142,recurring_expense,True,30,False,True,confirmed,364.32,USD,2024-12-29,Apartment Rent & Essential Utilities,
event_583,user_142,recurring_expense,True,15,False,True,confirmed,99.28,USD,2024-12-09,Bi-weekly Groceries & Commuting,
event_584,user_142,recurring_expense,True,30,True,False,confirmed,90.38,USD,2024-12-12,Streaming Services & Dining Out Club,
event_585,user_142,recurring_expense,True,30,True,False,confirmed,55.48,USD,2024-12-17,Fitness & Luxury Lifestyle Subscription,
event_586,user_143,income,True,30,False,True,confirmed,15678.6,ZAR,2025-05-13,Confirmed Monthly Salary,
event_587,user_143,recurring_expense,True,30,False,True,confirmed,5607.44,ZAR,2025-05-18,Apartment Rent & Essential Utilities,
event_588,user_143,recurring_expense,True,15,False,True,confirmed,1306.54,ZAR,2025-05-11,Bi-weekly Groceries & Commuting,
event_589,user_143,recurring_expense,True,30,True,False,confirmed,1271.12,ZAR,2025-05-14,Streaming Services & Dining Out Club,
event_590,user_143,recurring_expense,True,30,True,False,confirmed,820.88,ZAR,2025-05-19,Fitness & Luxury Lifestyle Subscription,
event_591,user_144,income,True,30,False,True,confirmed,356.27,USD,2026-07-17,Confirmed Monthly Salary,
event_592,user_144,recurring_expense,True,30,False,True,confirmed,137.78,USD,2026-07-22,Apartment Rent & Essential Utilities,
event_593,user_144,recurring_expense,True,15,False,True,confirmed,37.67,USD,2026-07-08,Bi-weekly Groceries & Commuting,
event_594,user_144,recurring_expense,True,30,True,False,confirmed,28.66,USD,2026-07-11,Streaming Services & Dining Out Club,
event_595,user_144,recurring_expense,True,30,True,False,confirmed,22.08,USD,2026-07-16,Fitness & Luxury Lifestyle Subscription,
event_596,user_145,income,True,30,False,True,confirmed,345987.28,INR,2024-03-26,Confirmed Monthly Salary,
event_597,user_145,recurring_expense,True,30,False,True,confirmed,89473.59,INR,2024-03-31,Apartment Rent & Essential Utilities,
event_598,user_145,recurring_expense,True,15,False,True,confirmed,37560.1,INR,2024-03-10,Bi-weekly Groceries & Commuting,
event_599,user_145,recurring_expense,True,30,True,False,confirmed,27137.41,INR,2024-03-13,Streaming Services & Dining Out Club,
event_600,user_145,recurring_expense,True,30,True,False,confirmed,19255.68,INR,2024-03-18,Fitness & Luxury Lifestyle Subscription,
event_601,user_146,income,True,30,False,True,confirmed,696524.15,INR,2025-08-10,Confirmed Monthly Salary,
event_602,user_146,recurring_expense,True,30,False,True,confirmed,190846.23,INR,2025-08-15,Apartment Rent & Essential Utilities,
event_603,user_146,recurring_expense,True,15,False,True,confirmed,53323.82,INR,2025-08-07,Bi-weekly Groceries & Commuting,
event_604,user_146,recurring_expense,True,30,True,False,confirmed,76204.51,INR,2025-08-10,Streaming Services & Dining Out Club,
event_605,user_146,recurring_expense,True,30,True,False,confirmed,44510.99,INR,2025-08-15,Fitness & Luxury Lifestyle Subscription,
event_606,user_147,income,True,30,False,True,confirmed,1398.76,EUR,2026-04-19,Confirmed Monthly Salary,
event_607,user_147,recurring_expense,True,30,False,True,confirmed,376.17,EUR,2026-04-24,Apartment Rent & Essential Utilities,
event_608,user_147,recurring_expense,True,15,False,True,confirmed,121.41,EUR,2026-04-09,Bi-weekly Groceries & Commuting,
event_609,user_147,recurring_expense,True,30,True,False,confirmed,133.11,EUR,2026-04-12,Streaming Services & Dining Out Club,
event_610,user_147,recurring_expense,True,30,True,False,confirmed,67.29,EUR,2026-04-17,Fitness & Luxury Lifestyle Subscription,
event_611,user_148,income,True,30,False,True,confirmed,38911.65,ZAR,2024-06-28,Confirmed Monthly Salary,
event_612,user_148,recurring_expense,True,30,False,True,confirmed,9916.94,ZAR,2024-07-03,Apartment Rent & Essential Utilities,
event_613,user_148,recurring_expense,True,15,False,True,confirmed,3216.9,ZAR,2024-06-11,Bi-weekly Groceries & Commuting,
event_614,user_148,recurring_expense,True,30,True,False,confirmed,3171.09,ZAR,2024-06-14,Streaming Services & Dining Out Club,
event_615,user_148,recurring_expense,True,30,True,False,confirmed,1889.09,ZAR,2024-06-19,Fitness & Luxury Lifestyle Subscription,
event_616,user_149,income,True,30,False,True,confirmed,45592.86,ZAR,2025-11-12,Confirmed Monthly Salary,
event_617,user_149,recurring_expense,True,30,False,True,confirmed,11924.03,ZAR,2025-11-17,Apartment Rent & Essential Utilities,
event_618,user_149,recurring_expense,True,15,False,True,confirmed,3733.36,ZAR,2025-11-08,Bi-weekly Groceries & Commuting,
event_619,user_149,recurring_expense,True,30,True,False,confirmed,3450.76,ZAR,2025-11-11,Streaming Services & Dining Out Club,
event_620,user_149,recurring_expense,True,30,True,False,confirmed,2084.47,ZAR,2025-11-16,Fitness & Luxury Lifestyle Subscription,
event_621,user_150,income,True,30,False,True,confirmed,535.14,EUR,2026-01-21,Confirmed Monthly Salary,
event_622,user_150,recurring_expense,True,30,False,True,confirmed,210.89,EUR,2026-01-26,Apartment Rent & Essential Utilities,
event_623,user_150,recurring_expense,True,15,False,True,confirmed,40.83,EUR,2026-01-10,Bi-weekly Groceries & Commuting,
event_624,user_150,recurring_expense,True,30,True,False,confirmed,33.73,EUR,2026-01-13,Streaming Services & Dining Out Club,
event_625,user_150,recurring_expense,True,30,True,False,confirmed,29.91,EUR,2026-01-18,Fitness & Luxury Lifestyle Subscription,
event_626,user_151,income,True,30,False,True,confirmed,46263934.11,IDR,2024-09-25,Confirmed Monthly Salary,
event_627,user_151,recurring_expense,True,30,False,True,confirmed,12383196.57,IDR,2024-09-30,Apartment Rent & Essential Utilities,
event_628,user_151,recurring_expense,True,15,False,True,confirmed,5262440.35,IDR,2024-09-07,Bi-weekly Groceries & Commuting,
event_629,user_151,recurring_expense,True,30,True,False,confirmed,4593205.83,IDR,2024-09-10,Streaming Services & Dining Out Club,
event_630,user_151,recurring_expense,True,30,True,False,confirmed,1884261.62,IDR,2024-09-15,Fitness & Luxury Lifestyle Subscription,
event_631,user_152,income,True,30,False,True,confirmed,19599.68,ZAR,2025-02-14,Confirmed Monthly Salary,
event_632,user_152,recurring_expense,True,30,False,True,confirmed,6940.19,ZAR,2025-02-19,Apartment Rent & Essential Utilities,
event_633,user_152,recurring_expense,True,15,False,True,confirmed,2448.61,ZAR,2025-02-09,Bi-weekly Groceries & Commuting,
event_634,user_152,recurring_expense,True,30,True,False,confirmed,1254.62,ZAR,2025-02-12,Streaming Services & Dining Out Club,
event_635,user_152,recurring_expense,True,30,True,False,confirmed,721.0,ZAR,2025-02-17,Fitness & Luxury Lifestyle Subscription,
event_636,user_153,income,True,30,False,True,confirmed,2474.27,USD,2026-07-23,Confirmed Monthly Salary,
event_637,user_153,recurring_expense,True,30,False,True,confirmed,682.65,USD,2026-07-28,Apartment Rent & Essential Utilities,
event_638,user_153,recurring_expense,True,15,False,True,confirmed,273.82,USD,2026-07-11,Bi-weekly Groceries & Commuting,
event_639,user_153,recurring_expense,True,30,True,False,confirmed,296.44,USD,2026-07-14,Streaming Services & Dining Out Club,
event_640,user_153,recurring_expense,True,30,True,False,confirmed,174.5,USD,2026-07-19,Fitness & Luxury Lifestyle Subscription,
event_641,user_154,income,True,30,False,True,confirmed,2873.7,EUR,2024-12-27,Confirmed Monthly Salary,
event_642,user_154,recurring_expense,True,30,False,True,confirmed,1143.69,EUR,2025-01-01,Apartment Rent & Essential Utilities,
event_643,user_154,recurring_expense,True,15,False,True,confirmed,311.49,EUR,2024-12-08,Bi-weekly Groceries & Commuting,
event_644,user_154,recurring_expense,True,30,True,False,confirmed,286.42,EUR,2024-12-11,Streaming Services & Dining Out Club,
event_645,user_154,recurring_expense,True,30,True,False,confirmed,165.24,EUR,2024-12-16,Fitness & Luxury Lifestyle Subscription,
event_646,user_155,income,True,30,False,True,confirmed,122665.76,INR,2025-05-16,Confirmed Monthly Salary,
event_647,user_155,recurring_expense,True,30,False,True,confirmed,36185.6,INR,2025-05-21,Apartment Rent & Essential Utilities,
event_648,user_155,recurring_expense,True,15,False,True,confirmed,10165.95,INR,2025-05-10,Bi-weekly Groceries & Commuting,
event_649,user_155,recurring_expense,True,30,True,False,confirmed,12226.03,INR,2025-05-13,Streaming Services & Dining Out Club,
event_650,user_155,recurring_expense,True,30,True,False,confirmed,7974.62,INR,2025-05-18,Fitness & Luxury Lifestyle Subscription,
event_651,user_156,income,True,30,False,True,confirmed,41959.94,ZAR,2026-04-20,Confirmed Monthly Salary,
event_652,user_156,recurring_expense,True,30,False,True,confirmed,12765.21,ZAR,2026-04-25,Apartment Rent & Essential Utilities,
event_653,user_156,recurring_expense,True,15,False,True,confirmed,3617.45,ZAR,2026-04-07,Bi-weekly Groceries & Commuting,
event_654,user_156,recurring_expense,True,30,True,False,confirmed,4991.52,ZAR,2026-04-10,Streaming Services & Dining Out Club,
event_655,user_156,recurring_expense,True,30,True,False,confirmed,2920.55,ZAR,2026-04-15,Fitness & Luxury Lifestyle Subscription,
event_656,user_157,income,True,30,False,True,confirmed,24366410.54,IDR,2024-03-29,Confirmed Monthly Salary,
event_657,user_157,recurring_expense,True,30,False,True,confirmed,7897233.84,IDR,2024-04-03,Apartment Rent & Essential Utilities,
event_658,user_157,recurring_expense,True,15,False,True,confirmed,2267168.44,IDR,2024-03-09,Bi-weekly Groceries & Commuting,
event_659,user_157,recurring_expense,True,30,True,False,confirmed,2194424.76,IDR,2024-03-12,Streaming Services & Dining Out Club,
event_660,user_157,recurring_expense,True,30,True,False,confirmed,1300442.44,IDR,2024-03-17,Fitness & Luxury Lifestyle Subscription,
event_661,user_158,income,True,30,False,True,confirmed,432558.7,INR,2025-08-18,Confirmed Monthly Salary,
event_662,user_158,recurring_expense,True,30,False,True,confirmed,116559.73,INR,2025-08-23,Apartment Rent & Essential Utilities,
event_663,user_158,recurring_expense,True,15,False,True,confirmed,51566.32,INR,2025-08-11,Bi-weekly Groceries & Commuting,
event_664,user_158,recurring_expense,True,30,True,False,confirmed,23618.73,INR,2025-08-14,Streaming Services & Dining Out Club,
event_665,user_158,recurring_expense,True,30,True,False,confirmed,21588.14,INR,2025-08-19,Fitness & Luxury Lifestyle Subscription,
event_666,user_159,income,True,30,False,True,confirmed,20323.88,ZAR,2026-01-22,Confirmed Monthly Salary,
event_667,user_159,recurring_expense,True,30,False,True,confirmed,6540.22,ZAR,2026-01-27,Apartment Rent & Essential Utilities,
event_668,user_159,recurring_expense,True,15,False,True,confirmed,1941.74,ZAR,2026-01-08,Bi-weekly Groceries & Commuting,
event_669,user_159,recurring_expense,True,30,True,False,confirmed,1598.68,ZAR,2026-01-11,Streaming Services & Dining Out Club,
event_670,user_159,recurring_expense,True,30,True,False,confirmed,1193.93,ZAR,2026-01-16,Fitness & Luxury Lifestyle Subscription,
event_671,user_160,income,True,30,False,True,confirmed,1153.23,EUR,2024-06-11,Confirmed Monthly Salary,
event_672,user_160,recurring_expense,True,30,False,True,confirmed,343.15,EUR,2024-06-16,Apartment Rent & Essential Utilities,
event_673,user_160,recurring_expense,True,15,False,True,confirmed,90.77,EUR,2024-06-10,Bi-weekly Groceries & Commuting,
event_674,user_160,recurring_expense,True,30,True,False,confirmed,95.27,EUR,2024-06-13,Streaming Services & Dining Out Club,
event_675,user_160,recurring_expense,True,30,True,False,confirmed,64.43,EUR,2024-06-18,Fitness & Luxury Lifestyle Subscription,
event_676,user_161,income,True,30,False,True,confirmed,19684407.09,IDR,2025-11-15,Confirmed Monthly Salary,
event_677,user_161,recurring_expense,True,30,False,True,confirmed,7369016.44,IDR,2025-11-20,Apartment Rent & Essential Utilities,
event_678,user_161,recurring_expense,True,15,False,True,confirmed,2018934.6,IDR,2025-11-07,Bi-weekly Groceries & Commuting,
event_679,user_161,recurring_expense,True,30,True,False,confirmed,1794135.66,IDR,2025-11-10,Streaming Services & Dining Out Club,
event_680,user_161,recurring_expense,True,30,True,False,confirmed,1346198.53,IDR,2025-11-15,Fitness & Luxury Lifestyle Subscription,
event_681,user_162,income,True,30,False,True,confirmed,77967232.92,IDR,2026-07-24,Confirmed Monthly Salary,
event_682,user_162,recurring_expense,True,30,False,True,confirmed,25372842.92,IDR,2026-07-29,Apartment Rent & Essential Utilities,
event_683,user_162,recurring_expense,True,15,False,True,confirmed,9232145.38,IDR,2026-07-09,Bi-weekly Groceries & Commuting,
event_684,user_162,recurring_expense,True,30,True,False,confirmed,8435848.49,IDR,2026-07-12,Streaming Services & Dining Out Club,
event_685,user_162,recurring_expense,True,30,True,False,confirmed,4358766.47,IDR,2026-07-17,Fitness & Luxury Lifestyle Subscription,
event_686,user_163,income,True,30,False,True,confirmed,21314020.17,IDR,2024-09-13,Confirmed Monthly Salary,
event_687,user_163,recurring_expense,True,30,False,True,confirmed,5846330.1,IDR,2024-09-18,Apartment Rent & Essential Utilities,
event_688,user_163,recurring_expense,True,15,False,True,confirmed,2594702.57,IDR,2024-09-11,Bi-weekly Groceries & Commuting,
event_689,user_163,recurring_expense,True,30,True,False,confirmed,1402098.48,IDR,2024-09-14,Streaming Services & Dining Out Club,
event_690,user_163,recurring_expense,True,30,True,False,confirmed,1649154.34,IDR,2024-09-19,Fitness & Luxury Lifestyle Subscription,
event_691,user_164,income,True,30,False,True,confirmed,35633980.58,IDR,2025-02-17,Confirmed Monthly Salary,
event_692,user_164,recurring_expense,True,30,False,True,confirmed,10426760.94,IDR,2025-02-22,Apartment Rent & Essential Utilities,
event_693,user_164,recurring_expense,True,15,False,True,confirmed,2813053.16,IDR,2025-02-08,Bi-weekly Groceries & Commuting,
event_694,user_164,recurring_expense,True,30,True,False,confirmed,2271350.34,IDR,2025-02-11,Streaming Services & Dining Out Club,
event_695,user_164,recurring_expense,True,30,True,False,confirmed,2772950.18,IDR,2025-02-16,Fitness & Luxury Lifestyle Subscription,
event_696,user_165,income,True,30,False,True,confirmed,86600.75,INR,2026-04-26,Confirmed Monthly Salary,
event_697,user_165,recurring_expense,True,30,False,True,confirmed,29769.3,INR,2026-05-01,Apartment Rent & Essential Utilities,
event_698,user_165,recurring_expense,True,15,False,True,confirmed,9155.56,INR,2026-04-10,Bi-weekly Groceries & Commuting,
event_699,user_165,recurring_expense,True,30,True,False,confirmed,4896.41,INR,2026-04-13,Streaming Services & Dining Out Club,
event_700,user_165,recurring_expense,True,30,True,False,confirmed,5373.52,INR,2026-04-18,Fitness & Luxury Lifestyle Subscription,
event_701,user_166,income,True,30,False,True,confirmed,4046.82,USD,2024-12-10,Confirmed Monthly Salary,
event_702,user_166,recurring_expense,True,30,False,True,confirmed,1364.17,USD,2024-12-15,Apartment Rent & Essential Utilities,
event_703,user_166,recurring_expense,True,15,False,True,confirmed,338.15,USD,2024-12-07,Bi-weekly Groceries & Commuting,
event_704,user_166,recurring_expense,True,30,True,False,confirmed,379.24,USD,2024-12-10,Streaming Services & Dining Out Club,
event_705,user_166,recurring_expense,True,30,True,False,confirmed,303.92,USD,2024-12-15,Fitness & Luxury Lifestyle Subscription,
event_706,user_167,income,True,30,False,True,confirmed,49830.01,ZAR,2025-05-19,Confirmed Monthly Salary,
event_707,user_167,recurring_expense,True,30,False,True,confirmed,19363.42,ZAR,2025-05-24,Apartment Rent & Essential Utilities,
event_708,user_167,recurring_expense,True,15,False,True,confirmed,3839.89,ZAR,2025-05-09,Bi-weekly Groceries & Commuting,
event_709,user_167,recurring_expense,True,30,True,False,confirmed,5504.46,ZAR,2025-05-12,Streaming Services & Dining Out Club,
event_710,user_167,recurring_expense,True,30,True,False,confirmed,1697.27,ZAR,2025-05-17,Fitness & Luxury Lifestyle Subscription,
event_711,user_168,income,True,30,False,True,confirmed,86343.24,INR,2026-01-28,Confirmed Monthly Salary,
event_712,user_168,recurring_expense,True,30,False,True,confirmed,31571.7,INR,2026-02-02,Apartment Rent & Essential Utilities,
event_713,user_168,recurring_expense,True,15,False,True,confirmed,7618.31,INR,2026-01-11,Bi-weekly Groceries & Commuting,
event_714,user_168,recurring_expense,True,30,True,False,confirmed,5591.29,INR,2026-01-14,Streaming Services & Dining Out Club,
event_715,user_168,recurring_expense,True,30,True,False,confirmed,5060.31,INR,2026-01-19,Fitness & Luxury Lifestyle Subscription,
event_716,user_169,income,True,30,False,True,confirmed,59526.52,ZAR,2024-03-12,Confirmed Monthly Salary,
event_717,user_169,recurring_expense,True,30,False,True,confirmed,15152.05,ZAR,2024-03-17,Apartment Rent & Essential Utilities,
event_718,user_169,recurring_expense,True,15,False,True,confirmed,7110.44,ZAR,2024-03-08,Bi-weekly Groceries & Commuting,
event_719,user_169,recurring_expense,True,30,True,False,confirmed,5249.67,ZAR,2024-03-11,Streaming Services & Dining Out Club,
event_720,user_169,recurring_expense,True,30,True,False,confirmed,3696.32,ZAR,2024-03-16,Fitness & Luxury Lifestyle Subscription,
event_721,user_170,income,True,30,False,True,confirmed,40706948.16,IDR,2025-08-21,Confirmed Monthly Salary,
event_722,user_170,recurring_expense,True,30,False,True,confirmed,11671971.9,IDR,2025-08-26,Apartment Rent & Essential Utilities,
event_723,user_170,recurring_expense,True,15,False,True,confirmed,4696257.45,IDR,2025-08-10,Bi-weekly Groceries & Commuting,
event_724,user_170,recurring_expense,True,30,True,False,confirmed,3192502.53,IDR,2025-08-13,Streaming Services & Dining Out Club,
event_725,user_170,recurring_expense,True,30,True,False,confirmed,2144328.32,IDR,2025-08-18,Fitness & Luxury Lifestyle Subscription,
event_726,user_171,income,True,30,False,True,confirmed,2796.81,EUR,2026-07-25,Confirmed Monthly Salary,
event_727,user_171,recurring_expense,True,30,False,True,confirmed,765.52,EUR,2026-07-30,Apartment Rent & Essential Utilities,
event_728,user_171,recurring_expense,True,15,False,True,confirmed,267.88,EUR,2026-07-07,Bi-weekly Groceries & Commuting,
event_729,user_171,recurring_expense,True,30,True,False,confirmed,230.77,EUR,2026-07-10,Streaming Services & Dining Out Club,
event_730,user_171,recurring_expense,True,30,True,False,confirmed,131.48,EUR,2026-07-15,Fitness & Luxury Lifestyle Subscription,
event_731,user_172,income,True,30,False,True,confirmed,9625.42,ZAR,2024-06-14,Confirmed Monthly Salary,
event_732,user_172,recurring_expense,True,30,False,True,confirmed,3650.18,ZAR,2024-06-19,Apartment Rent & Essential Utilities,
event_733,user_172,recurring_expense,True,15,False,True,confirmed,875.59,ZAR,2024-06-09,Bi-weekly Groceries & Commuting,
event_734,user_172,recurring_expense,True,30,True,False,confirmed,1146.98,ZAR,2024-06-12,Streaming Services & Dining Out Club,
event_735,user_172,recurring_expense,True,30,True,False,confirmed,454.98,ZAR,2024-06-17,Fitness & Luxury Lifestyle Subscription,
event_736,user_173,income,True,30,False,True,confirmed,135454.98,INR,2025-11-23,Confirmed Monthly Salary,
event_737,user_173,recurring_expense,True,30,False,True,confirmed,49319.12,INR,2025-11-28,Apartment Rent & Essential Utilities,
event_738,user_173,recurring_expense,True,15,False,True,confirmed,13646.95,INR,2025-11-11,Bi-weekly Groceries & Commuting,
event_739,user_173,recurring_expense,True,30,True,False,confirmed,7779.57,INR,2025-11-14,Streaming Services & Dining Out Club,
event_740,user_173,recurring_expense,True,30,True,False,confirmed,5700.88,INR,2025-11-19,Fitness & Luxury Lifestyle Subscription,
event_741,user_174,income,True,30,False,True,confirmed,1057.39,EUR,2026-04-27,Confirmed Monthly Salary,
event_742,user_174,recurring_expense,True,30,False,True,confirmed,335.66,EUR,2026-05-02,Apartment Rent & Essential Utilities,
event_743,user_174,recurring_expense,True,15,False,True,confirmed,86.75,EUR,2026-04-08,Bi-weekly Groceries & Commuting,
event_744,user_174,recurring_expense,True,30,True,False,confirmed,56.62,EUR,2026-04-11,Streaming Services & Dining Out Club,
event_745,user_174,recurring_expense,True,30,True,False,confirmed,81.7,EUR,2026-04-16,Fitness & Luxury Lifestyle Subscription,
event_746,user_175,income,True,30,False,True,confirmed,3904.63,EUR,2024-09-16,Confirmed Monthly Salary,
event_747,user_175,recurring_expense,True,30,False,True,confirmed,1221.06,EUR,2024-09-21,Apartment Rent & Essential Utilities,
event_748,user_175,recurring_expense,True,15,False,True,confirmed,480.8,EUR,2024-09-10,Bi-weekly Groceries & Commuting,
event_749,user_175,recurring_expense,True,30,True,False,confirmed,441.85,EUR,2024-09-13,Streaming Services & Dining Out Club,
event_750,user_175,recurring_expense,True,30,True,False,confirmed,275.96,EUR,2024-09-18,Fitness & Luxury Lifestyle Subscription,
event_751,user_176,income,True,30,False,True,confirmed,2149.33,EUR,2025-02-20,Confirmed Monthly Salary,
event_752,user_176,recurring_expense,True,30,False,True,confirmed,769.82,EUR,2025-02-25,Apartment Rent & Essential Utilities,
event_753,user_176,recurring_expense,True,15,False,True,confirmed,181.6,EUR,2025-02-07,Bi-weekly Groceries & Commuting,
event_754,user_176,recurring_expense,True,30,True,False,confirmed,131.44,EUR,2025-02-10,Streaming Services & Dining Out Club,
event_755,user_176,recurring_expense,True,30,True,False,confirmed,171.51,EUR,2025-02-15,Fitness & Luxury Lifestyle Subscription,
event_756,user_177,income,True,30,False,True,confirmed,1289.11,USD,2026-01-29,Confirmed Monthly Salary,
event_757,user_177,recurring_expense,True,30,False,True,confirmed,492.26,USD,2026-02-03,Apartment Rent & Essential Utilities,
event_758,user_177,recurring_expense,True,15,False,True,confirmed,128.74,USD,2026-01-09,Bi-weekly Groceries & Commuting,
event_759,user_177,recurring_expense,True,30,True,False,confirmed,72.58,USD,2026-01-12,Streaming Services & Dining Out Club,
event_760,user_177,recurring_expense,True,30,True,False,confirmed,64.02,USD,2026-01-17,Fitness & Luxury Lifestyle Subscription,
event_761,user_178,income,True,30,False,True,confirmed,3693.87,EUR,2024-12-18,Confirmed Monthly Salary,
event_762,user_178,recurring_expense,True,30,False,True,confirmed,1056.85,EUR,2024-12-23,Apartment Rent & Essential Utilities,
event_763,user_178,recurring_expense,True,15,False,True,confirmed,384.78,EUR,2024-12-11,Bi-weekly Groceries & Commuting,
event_764,user_178,recurring_expense,True,30,True,False,confirmed,197.28,EUR,2024-12-14,Streaming Services & Dining Out Club,
event_765,user_178,recurring_expense,True,30,True,False,confirmed,162.78,EUR,2024-12-19,Fitness & Luxury Lifestyle Subscription,
event_766,user_179,income,True,30,False,True,confirmed,58203861.78,IDR,2025-05-22,Confirmed Monthly Salary,
event_767,user_179,recurring_expense,True,30,False,True,confirmed,21909531.1,IDR,2025-05-27,Apartment Rent & Essential Utilities,
event_768,user_179,recurring_expense,True,15,False,True,confirmed,6322454.45,IDR,2025-05-08,Bi-weekly Groceries & Commuting,
event_769,user_179,recurring_expense,True,30,True,False,confirmed,4074409.24,IDR,2025-05-11,Streaming Services & Dining Out Club,
event_770,user_179,recurring_expense,True,30,True,False,confirmed,1769913.68,IDR,2025-05-16,Fitness & Luxury Lifestyle Subscription,
event_771,user_180,income,True,30,False,True,confirmed,60348.56,INR,2026-07-11,Confirmed Monthly Salary,
event_772,user_180,recurring_expense,True,30,False,True,confirmed,16299.56,INR,2026-07-16,Apartment Rent & Essential Utilities,
event_773,user_180,recurring_expense,True,15,False,True,confirmed,5324.17,INR,2026-07-10,Bi-weekly Groceries & Commuting,
event_774,user_180,recurring_expense,True,30,True,False,confirmed,4562.62,INR,2026-07-13,Streaming Services & Dining Out Club,
event_775,user_180,recurring_expense,True,30,True,False,confirmed,3027.25,INR,2026-07-18,Fitness & Luxury Lifestyle Subscription,
event_776,user_181,income,True,30,False,True,confirmed,4276.25,USD,2024-03-15,Confirmed Monthly Salary,
event_777,user_181,recurring_expense,True,30,False,True,confirmed,1101.88,USD,2024-03-20,Apartment Rent & Essential Utilities,
event_778,user_181,recurring_expense,True,15,False,True,confirmed,440.84,USD,2024-03-07,Bi-weekly Groceries & Commuting,
event_779,user_181,recurring_expense,True,30,True,False,confirmed,322.33,USD,2024-03-10,Streaming Services & Dining Out Club,
event_780,user_181,recurring_expense,True,30,True,False,confirmed,189.99,USD,2024-03-15,Fitness & Luxury Lifestyle Subscription,
event_781,user_182,income,True,30,False,True,confirmed,77959.73,ZAR,2025-08-24,Confirmed Monthly Salary,
event_782,user_182,recurring_expense,True,30,False,True,confirmed,24756.36,ZAR,2025-08-29,Apartment Rent & Essential Utilities,
event_783,user_182,recurring_expense,True,15,False,True,confirmed,7990.31,ZAR,2025-08-09,Bi-weekly Groceries & Commuting,
event_784,user_182,recurring_expense,True,30,True,False,confirmed,8401.86,ZAR,2025-08-12,Streaming Services & Dining Out Club,
event_785,user_182,recurring_expense,True,30,True,False,confirmed,4768.18,ZAR,2025-08-17,Fitness & Luxury Lifestyle Subscription,
event_786,user_183,income,True,30,False,True,confirmed,37909085.03,IDR,2026-04-13,Confirmed Monthly Salary,
event_787,user_183,recurring_expense,True,30,False,True,confirmed,10208897.97,IDR,2026-04-18,Apartment Rent & Essential Utilities,
event_788,user_183,recurring_expense,True,15,False,True,confirmed,3026436.71,IDR,2026-04-11,Bi-weekly Groceries & Commuting,
event_789,user_183,recurring_expense,True,30,True,False,confirmed,2885786.77,IDR,2026-04-14,Streaming Services & Dining Out Club,
event_790,user_183,recurring_expense,True,30,True,False,confirmed,3007683.42,IDR,2026-04-19,Fitness & Luxury Lifestyle Subscription,
event_791,user_184,income,True,30,False,True,confirmed,342037.84,INR,2024-06-17,Confirmed Monthly Salary,
event_792,user_184,recurring_expense,True,30,False,True,confirmed,104267.14,INR,2024-06-22,Apartment Rent & Essential Utilities,
event_793,user_184,recurring_expense,True,15,False,True,confirmed,28120.08,INR,2024-06-08,Bi-weekly Groceries & Commuting,
event_794,user_184,recurring_expense,True,30,True,False,confirmed,31526.45,INR,2024-06-11,Streaming Services & Dining Out Club,
event_795,user_184,recurring_expense,True,30,True,False,confirmed,17125.61,INR,2024-06-16,Fitness & Luxury Lifestyle Subscription,
event_796,user_185,income,True,30,False,True,confirmed,1056.45,EUR,2025-11-26,Confirmed Monthly Salary,
event_797,user_185,recurring_expense,True,30,False,True,confirmed,270.28,EUR,2025-12-01,Apartment Rent & Essential Utilities,
event_798,user_185,recurring_expense,True,15,False,True,confirmed,116.92,EUR,2025-11-10,Bi-weekly Groceries & Commuting,
event_799,user_185,recurring_expense,True,30,True,False,confirmed,112.28,EUR,2025-11-13,Streaming Services & Dining Out Club,
event_800,user_185,recurring_expense,True,30,True,False,confirmed,59.13,EUR,2025-11-18,Fitness & Luxury Lifestyle Subscription,
event_801,user_186,income,True,30,False,True,confirmed,25198.17,ZAR,2026-01-10,Confirmed Monthly Salary,
event_802,user_186,recurring_expense,True,30,False,True,confirmed,9675.34,ZAR,2026-01-15,Apartment Rent & Essential Utilities,
event_803,user_186,recurring_expense,True,15,False,True,confirmed,2065.97,ZAR,2026-01-07,Bi-weekly Groceries & Commuting,
event_804,user_186,recurring_expense,True,30,True,False,confirmed,2902.72,ZAR,2026-01-10,Streaming Services & Dining Out Club,
event_805,user_186,recurring_expense,True,30,True,False,confirmed,1157.26,ZAR,2026-01-15,Fitness & Luxury Lifestyle Subscription,
event_806,user_187,income,True,30,False,True,confirmed,223678.99,INR,2024-09-19,Confirmed Monthly Salary,
event_807,user_187,recurring_expense,True,30,False,True,confirmed,76604.48,INR,2024-09-24,Apartment Rent & Essential Utilities,
event_808,user_187,recurring_expense,True,15,False,True,confirmed,26199.54,INR,2024-09-09,Bi-weekly Groceries & Commuting,
event_809,user_187,recurring_expense,True,30,True,False,confirmed,20480.21,INR,2024-09-12,Streaming Services & Dining Out Club,
event_810,user_187,recurring_expense,True,30,True,False,confirmed,12384.15,INR,2024-09-17,Fitness & Luxury Lifestyle Subscription,
event_811,user_188,income,True,30,False,True,confirmed,3227.14,EUR,2025-02-28,Confirmed Monthly Salary,
event_812,user_188,recurring_expense,True,30,False,True,confirmed,1043.91,EUR,2025-03-05,Apartment Rent & Essential Utilities,
event_813,user_188,recurring_expense,True,15,False,True,confirmed,332.87,EUR,2025-02-11,Bi-weekly Groceries & Commuting,
event_814,user_188,recurring_expense,True,30,True,False,confirmed,268.64,EUR,2025-02-14,Streaming Services & Dining Out Club,
event_815,user_188,recurring_expense,True,30,True,False,confirmed,99.5,EUR,2025-02-19,Fitness & Luxury Lifestyle Subscription,
event_816,user_189,income,True,30,False,True,confirmed,552.5,EUR,2026-07-12,Confirmed Monthly Salary,
event_817,user_189,recurring_expense,True,30,False,True,confirmed,147.21,EUR,2026-07-17,Apartment Rent & Essential Utilities,
event_818,user_189,recurring_expense,True,15,False,True,confirmed,52.95,EUR,2026-07-08,Bi-weekly Groceries & Commuting,
event_819,user_189,recurring_expense,True,30,True,False,confirmed,39.52,EUR,2026-07-11,Streaming Services & Dining Out Club,
event_820,user_189,recurring_expense,True,30,True,False,confirmed,41.4,EUR,2026-07-16,Fitness & Luxury Lifestyle Subscription,
event_821,user_190,income,True,30,False,True,confirmed,4276.39,EUR,2024-12-21,Confirmed Monthly Salary,
event_822,user_190,recurring_expense,True,30,False,True,confirmed,1472.74,EUR,2024-12-26,Apartment Rent & Essential Utilities,
event_823,user_190,recurring_expense,True,15,False,True,confirmed,448.36,EUR,2024-12-10,Bi-weekly Groceries & Commuting,
event_824,user_190,recurring_expense,True,30,True,False,confirmed,293.31,EUR,2024-12-13,Streaming Services & Dining Out Club,
event_825,user_190,recurring_expense,True,30,True,False,confirmed,268.47,EUR,2024-12-18,Fitness & Luxury Lifestyle Subscription,
event_826,user_191,income,True,30,False,True,confirmed,1177.35,EUR,2025-05-25,Confirmed Monthly Salary,
event_827,user_191,recurring_expense,True,30,False,True,confirmed,396.5,EUR,2025-05-30,Apartment Rent & Essential Utilities,
event_828,user_191,recurring_expense,True,15,False,True,confirmed,101.69,EUR,2025-05-07,Bi-weekly Groceries & Commuting,
event_829,user_191,recurring_expense,True,30,True,False,confirmed,63.1,EUR,2025-05-10,Streaming Services & Dining Out Club,
event_830,user_191,recurring_expense,True,30,True,False,confirmed,63.6,EUR,2025-05-15,Fitness & Luxury Lifestyle Subscription,
event_831,user_192,income,True,30,False,True,confirmed,2709.38,USD,2026-04-14,Confirmed Monthly Salary,
event_832,user_192,recurring_expense,True,30,False,True,confirmed,970.44,USD,2026-04-19,Apartment Rent & Essential Utilities,
event_833,user_192,recurring_expense,True,15,False,True,confirmed,308.14,USD,2026-04-09,Bi-weekly Groceries & Commuting,
event_834,user_192,recurring_expense,True,30,True,False,confirmed,207.57,USD,2026-04-12,Streaming Services & Dining Out Club,
event_835,user_192,recurring_expense,True,30,True,False,confirmed,192.59,USD,2026-04-17,Fitness & Luxury Lifestyle Subscription,
event_836,user_193,income,True,30,False,True,confirmed,1263.35,EUR,2024-03-23,Confirmed Monthly Salary,
event_837,user_193,recurring_expense,True,30,False,True,confirmed,424.34,EUR,2024-03-28,Apartment Rent & Essential Utilities,
event_838,user_193,recurring_expense,True,15,False,True,confirmed,139.0,EUR,2024-03-11,Bi-weekly Groceries & Commuting,
event_839,user_193,recurring_expense,True,30,True,False,confirmed,80.04,EUR,2024-03-14,Streaming Services & Dining Out Club,
event_840,user_193,recurring_expense,True,30,True,False,confirmed,65.76,EUR,2024-03-19,Fitness & Luxury Lifestyle Subscription,
event_841,user_194,income,True,30,False,True,confirmed,161854.02,INR,2025-08-27,Confirmed Monthly Salary,
event_842,user_194,recurring_expense,True,30,False,True,confirmed,50489.39,INR,2025-09-01,Apartment Rent & Essential Utilities,
event_843,user_194,recurring_expense,True,15,False,True,confirmed,13789.08,INR,2025-08-08,Bi-weekly Groceries & Commuting,
event_844,user_194,recurring_expense,True,30,True,False,confirmed,13778.21,INR,2025-08-11,Streaming Services & Dining Out Club,
event_845,user_194,recurring_expense,True,30,True,False,confirmed,9804.13,INR,2025-08-16,Fitness & Luxury Lifestyle Subscription,
event_846,user_195,income,True,30,False,True,confirmed,1488.29,EUR,2026-01-16,Confirmed Monthly Salary,
event_847,user_195,recurring_expense,True,30,False,True,confirmed,561.47,EUR,2026-01-21,Apartment Rent & Essential Utilities,
event_848,user_195,recurring_expense,True,15,False,True,confirmed,165.75,EUR,2026-01-10,Bi-weekly Groceries & Commuting,
event_849,user_195,recurring_expense,True,30,True,False,confirmed,147.94,EUR,2026-01-13,Streaming Services & Dining Out Club,
event_850,user_195,recurring_expense,True,30,True,False,confirmed,83.25,EUR,2026-01-18,Fitness & Luxury Lifestyle Subscription,
event_851,user_196,income,True,30,False,True,confirmed,1037.4,EUR,2024-06-20,Confirmed Monthly Salary,
event_852,user_196,recurring_expense,True,30,False,True,confirmed,414.67,EUR,2024-06-25,Apartment Rent & Essential Utilities,
event_853,user_196,recurring_expense,True,15,False,True,confirmed,102.62,EUR,2024-06-07,Bi-weekly Groceries & Commuting,
event_854,user_196,recurring_expense,True,30,True,False,confirmed,79.23,EUR,2024-06-10,Streaming Services & Dining Out Club,
event_855,user_196,recurring_expense,True,30,True,False,confirmed,80.75,EUR,2024-06-15,Fitness & Luxury Lifestyle Subscription,
event_856,user_197,income,True,30,False,True,confirmed,64166000.66,IDR,2025-11-29,Confirmed Monthly Salary,
event_857,user_197,recurring_expense,True,30,False,True,confirmed,21172794.9,IDR,2025-12-04,Apartment Rent & Essential Utilities,
event_858,user_197,recurring_expense,True,15,False,True,confirmed,6565058.43,IDR,2025-11-09,Bi-weekly Groceries & Commuting,
event_859,user_197,recurring_expense,True,30,True,False,confirmed,6244044.88,IDR,2025-11-12,Streaming Services & Dining Out Club,
event_860,user_197,recurring_expense,True,30,True,False,confirmed,4708675.67,IDR,2025-11-17,Fitness & Luxury Lifestyle Subscription,
event_861,user_198,income,True,30,False,True,confirmed,275122.59,INR,2026-07-18,Confirmed Monthly Salary,
event_862,user_198,recurring_expense,True,30,False,True,confirmed,101946.09,INR,2026-07-23,Apartment Rent & Essential Utilities,
event_863,user_198,recurring_expense,True,15,False,True,confirmed,24270.79,INR,2026-07-11,Bi-weekly Groceries & Commuting,
event_864,user_198,recurring_expense,True,30,True,False,confirmed,23080.75,INR,2026-07-14,Streaming Services & Dining Out Club,
event_865,user_198,recurring_expense,True,30,True,False,confirmed,21422.93,INR,2026-07-19,Fitness & Luxury Lifestyle Subscription,
event_866,user_199,income,True,30,False,True,confirmed,25544397.42,IDR,2024-09-22,Confirmed Monthly Salary,
event_867,user_199,recurring_expense,True,30,False,True,confirmed,7529846.54,IDR,2024-09-27,Apartment Rent & Essential Utilities,
event_868,user_199,recurring_expense,True,15,False,True,confirmed,3118313.85,IDR,2024-09-08,Bi-weekly Groceries & Commuting,
event_869,user_199,recurring_expense,True,30,True,False,confirmed,3033607.19,IDR,2024-09-11,Streaming Services & Dining Out Club,
event_870,user_199,recurring_expense,True,30,True,False,confirmed,1751291.02,IDR,2024-09-16,Fitness & Luxury Lifestyle Subscription,
event_871,user_200,income,True,30,False,True,confirmed,32681933.65,IDR,2025-02-11,Confirmed Monthly Salary,
event_872,user_200,recurring_expense,True,30,False,True,confirmed,11554239.66,IDR,2025-02-16,Apartment Rent & Essential Utilities,
event_873,user_200,recurring_expense,True,15,False,True,confirmed,3250223.33,IDR,2025-02-10,Bi-weekly Groceries & Commuting,
event_874,user_200,recurring_expense,True,30,True,False,confirmed,2731759.94,IDR,2025-02-13,Streaming Services & Dining Out Club,
event_875,user_200,recurring_expense,True,30,True,False,confirmed,1896348.92,IDR,2025-02-18,Fitness & Luxury Lifestyle Subscription,
event_876,user_201,income,True,30,False,True,confirmed,41622445.89,IDR,2026-04-15,Confirmed Monthly Salary,
event_877,user_201,recurring_expense,True,30,False,True,confirmed,14911226.95,IDR,2026-04-20,Apartment Rent & Essential Utilities,
event_878,user_201,recurring_expense,True,15,False,True,confirmed,3720608.33,IDR,2026-04-07,Bi-weekly Groceries & Commuting,
event_879,user_201,recurring_expense,True,30,True,False,confirmed,3751987.8,IDR,2026-04-10,Streaming Services & Dining Out Club,
event_880,user_201,recurring_expense,True,30,True,False,confirmed,2379120.02,IDR,2026-04-15,Fitness & Luxury Lifestyle Subscription,
event_881,user_202,income,True,30,False,True,confirmed,210104.72,INR,2024-12-24,Confirmed Monthly Salary,
event_882,user_202,recurring_expense,True,30,False,True,confirmed,64960.15,INR,2024-12-29,Apartment Rent & Essential Utilities,
event_883,user_202,recurring_expense,True,15,False,True,confirmed,19383.58,INR,2024-12-09,Bi-weekly Groceries & Commuting,
event_884,user_202,recurring_expense,True,30,True,False,confirmed,21874.95,INR,2024-12-12,Streaming Services & Dining Out Club,
event_885,user_202,recurring_expense,True,30,True,False,confirmed,7841.91,INR,2024-12-17,Fitness & Luxury Lifestyle Subscription,
event_886,user_203,income,True,30,False,True,confirmed,1214.34,EUR,2025-05-13,Confirmed Monthly Salary,
event_887,user_203,recurring_expense,True,30,False,True,confirmed,477.6,EUR,2025-05-18,Apartment Rent & Essential Utilities,
event_888,user_203,recurring_expense,True,15,False,True,confirmed,95.88,EUR,2025-05-11,Bi-weekly Groceries & Commuting,
event_889,user_203,recurring_expense,True,30,True,False,confirmed,139.26,EUR,2025-05-14,Streaming Services & Dining Out Club,
event_890,user_203,recurring_expense,True,30,True,False,confirmed,76.26,EUR,2025-05-19,Fitness & Luxury Lifestyle Subscription,
event_891,user_204,income,True,30,False,True,confirmed,910.98,EUR,2026-01-17,Confirmed Monthly Salary,
event_892,user_204,recurring_expense,True,30,False,True,confirmed,256.99,EUR,2026-01-22,Apartment Rent & Essential Utilities,
event_893,user_204,recurring_expense,True,15,False,True,confirmed,106.03,EUR,2026-01-08,Bi-weekly Groceries & Commuting,
event_894,user_204,recurring_expense,True,30,True,False,confirmed,62.84,EUR,2026-01-11,Streaming Services & Dining Out Club,
event_895,user_204,recurring_expense,True,30,True,False,confirmed,52.93,EUR,2026-01-16,Fitness & Luxury Lifestyle Subscription,
event_896,user_205,income,True,30,False,True,confirmed,11381691.6,IDR,2024-03-26,Confirmed Monthly Salary,
event_897,user_205,recurring_expense,True,30,False,True,confirmed,3031900.39,IDR,2024-03-31,Apartment Rent & Essential Utilities,
event_898,user_205,recurring_expense,True,15,False,True,confirmed,1275256.5,IDR,2024-03-10,Bi-weekly Groceries & Commuting,
event_899,user_205,recurring_expense,True,30,True,False,confirmed,759725.01,IDR,2024-03-13,Streaming Services & Dining Out Club,
event_900,user_205,recurring_expense,True,30,True,False,confirmed,370340.57,IDR,2024-03-18,Fitness & Luxury Lifestyle Subscription,
event_901,user_206,income,True,30,False,True,confirmed,2395.27,EUR,2025-08-10,Confirmed Monthly Salary,
event_902,user_206,recurring_expense,True,30,False,True,confirmed,679.9,EUR,2025-08-15,Apartment Rent & Essential Utilities,
event_903,user_206,recurring_expense,True,15,False,True,confirmed,207.53,EUR,2025-08-07,Bi-weekly Groceries & Commuting,
event_904,user_206,recurring_expense,True,30,True,False,confirmed,136.56,EUR,2025-08-10,Streaming Services & Dining Out Club,
event_905,user_206,recurring_expense,True,30,True,False,confirmed,111.42,EUR,2025-08-15,Fitness & Luxury Lifestyle Subscription,
event_906,user_207,income,True,30,False,True,confirmed,15052.54,ZAR,2026-07-19,Confirmed Monthly Salary,
event_907,user_207,recurring_expense,True,30,False,True,confirmed,5301.19,ZAR,2026-07-24,Apartment Rent & Essential Utilities,
event_908,user_207,recurring_expense,True,15,False,True,confirmed,1232.4,ZAR,2026-07-09,Bi-weekly Groceries & Commuting,
event_909,user_207,recurring_expense,True,30,True,False,confirmed,1768.92,ZAR,2026-07-12,Streaming Services & Dining Out Club,
event_910,user_207,recurring_expense,True,30,True,False,confirmed,1187.58,ZAR,2026-07-17,Fitness & Luxury Lifestyle Subscription,
event_911,user_208,income,True,30,False,True,confirmed,4227393.97,IDR,2024-06-28,Confirmed Monthly Salary,
event_912,user_208,recurring_expense,True,30,False,True,confirmed,1470853.75,IDR,2024-07-03,Apartment Rent & Essential Utilities,
event_913,user_208,recurring_expense,True,15,False,True,confirmed,503196.73,IDR,2024-06-11,Bi-weekly Groceries & Commuting,
event_914,user_208,recurring_expense,True,30,True,False,confirmed,352137.59,IDR,2024-06-14,Streaming Services & Dining Out Club,
event_915,user_208,recurring_expense,True,30,True,False,confirmed,264325.99,IDR,2024-06-19,Fitness & Luxury Lifestyle Subscription,
event_916,user_209,income,True,30,False,True,confirmed,88553.12,ZAR,2025-11-12,Confirmed Monthly Salary,
event_917,user_209,recurring_expense,True,30,False,True,confirmed,25953.75,ZAR,2025-11-17,Apartment Rent & Essential Utilities,
event_918,user_209,recurring_expense,True,15,False,True,confirmed,7905.2,ZAR,2025-11-08,Bi-weekly Groceries & Commuting,
event_919,user_209,recurring_expense,True,30,True,False,confirmed,4794.39,ZAR,2025-11-11,Streaming Services & Dining Out Club,
event_920,user_209,recurring_expense,True,30,True,False,confirmed,6060.24,ZAR,2025-11-16,Fitness & Luxury Lifestyle Subscription,
event_921,user_210,income,True,30,False,True,confirmed,1975.16,USD,2026-04-21,Confirmed Monthly Salary,
event_922,user_210,recurring_expense,True,30,False,True,confirmed,562.59,USD,2026-04-26,Apartment Rent & Essential Utilities,
event_923,user_210,recurring_expense,True,15,False,True,confirmed,221.09,USD,2026-04-10,Bi-weekly Groceries & Commuting,
event_924,user_210,recurring_expense,True,30,True,False,confirmed,216.33,USD,2026-04-13,Streaming Services & Dining Out Club,
event_925,user_210,recurring_expense,True,30,True,False,confirmed,62.94,USD,2026-04-18,Fitness & Luxury Lifestyle Subscription,
event_926,user_211,income,True,30,False,True,confirmed,3079.02,EUR,2024-09-25,Confirmed Monthly Salary,
event_927,user_211,recurring_expense,True,30,False,True,confirmed,962.76,EUR,2024-09-30,Apartment Rent & Essential Utilities,
event_928,user_211,recurring_expense,True,15,False,True,confirmed,359.88,EUR,2024-09-07,Bi-weekly Groceries & Commuting,
event_929,user_211,recurring_expense,True,30,True,False,confirmed,355.24,EUR,2024-09-10,Streaming Services & Dining Out Club,
event_930,user_211,recurring_expense,True,30,True,False,confirmed,97.97,EUR,2024-09-15,Fitness & Luxury Lifestyle Subscription,
event_931,user_212,income,True,30,False,True,confirmed,117698640.85,IDR,2025-02-14,Confirmed Monthly Salary,
event_932,user_212,recurring_expense,True,30,False,True,confirmed,43335944.49,IDR,2025-02-19,Apartment Rent & Essential Utilities,
event_933,user_212,recurring_expense,True,15,False,True,confirmed,9923829.36,IDR,2025-02-09,Bi-weekly Groceries & Commuting,
event_934,user_212,recurring_expense,True,30,True,False,confirmed,12055898.16,IDR,2025-02-12,Streaming Services & Dining Out Club,
event_935,user_212,recurring_expense,True,30,True,False,confirmed,8664330.63,IDR,2025-02-17,Fitness & Luxury Lifestyle Subscription,
event_936,user_213,income,True,30,False,True,confirmed,3663.22,USD,2026-01-23,Confirmed Monthly Salary,
event_937,user_213,recurring_expense,True,30,False,True,confirmed,936.39,USD,2026-01-28,Apartment Rent & Essential Utilities,
event_938,user_213,recurring_expense,True,15,False,True,confirmed,329.39,USD,2026-01-11,Bi-weekly Groceries & Commuting,
event_939,user_213,recurring_expense,True,30,True,False,confirmed,337.73,USD,2026-01-14,Streaming Services & Dining Out Club,
event_940,user_213,recurring_expense,True,30,True,False,confirmed,279.95,USD,2026-01-19,Fitness & Luxury Lifestyle Subscription,
event_941,user_214,income,True,30,False,True,confirmed,79169.19,INR,2024-12-27,Confirmed Monthly Salary,
event_942,user_214,recurring_expense,True,30,False,True,confirmed,25187.86,INR,2025-01-01,Apartment Rent & Essential Utilities,
event_943,user_214,recurring_expense,True,15,False,True,confirmed,8476.3,INR,2024-12-08,Bi-weekly Groceries & Commuting,
event_944,user_214,recurring_expense,True,30,True,False,confirmed,6864.15,INR,2024-12-11,Streaming Services & Dining Out Club,
event_945,user_214,recurring_expense,True,30,True,False,confirmed,5895.18,INR,2024-12-16,Fitness & Luxury Lifestyle Subscription,
event_946,user_215,income,True,30,False,True,confirmed,28012.92,ZAR,2025-05-16,Confirmed Monthly Salary,
event_947,user_215,recurring_expense,True,30,False,True,confirmed,9121.9,ZAR,2025-05-21,Apartment Rent & Essential Utilities,
event_948,user_215,recurring_expense,True,15,False,True,confirmed,2483.11,ZAR,2025-05-10,Bi-weekly Groceries & Commuting,
event_949,user_215,recurring_expense,True,30,True,False,confirmed,2986.65,ZAR,2025-05-13,Streaming Services & Dining Out Club,
event_950,user_215,recurring_expense,True,30,True,False,confirmed,1303.56,ZAR,2025-05-18,Fitness & Luxury Lifestyle Subscription,
event_951,user_216,income,True,30,False,True,confirmed,5102.3,USD,2026-07-20,Confirmed Monthly Salary,
event_952,user_216,recurring_expense,True,30,False,True,confirmed,1771.74,USD,2026-07-25,Apartment Rent & Essential Utilities,
event_953,user_216,recurring_expense,True,15,False,True,confirmed,566.0,USD,2026-07-07,Bi-weekly Groceries & Commuting,
event_954,user_216,recurring_expense,True,30,True,False,confirmed,260.15,USD,2026-07-10,Streaming Services & Dining Out Club,
event_955,user_216,recurring_expense,True,30,True,False,confirmed,239.07,USD,2026-07-15,Fitness & Luxury Lifestyle Subscription,
event_956,user_217,income,True,30,False,True,confirmed,40713.0,ZAR,2024-03-29,Confirmed Monthly Salary,
event_957,user_217,recurring_expense,True,30,False,True,confirmed,14296.78,ZAR,2024-04-03,Apartment Rent & Essential Utilities,
event_958,user_217,recurring_expense,True,15,False,True,confirmed,3446.68,ZAR,2024-03-09,Bi-weekly Groceries & Commuting,
event_959,user_217,recurring_expense,True,30,True,False,confirmed,3776.82,ZAR,2024-03-12,Streaming Services & Dining Out Club,
event_960,user_217,recurring_expense,True,30,True,False,confirmed,2521.61,ZAR,2024-03-17,Fitness & Luxury Lifestyle Subscription,
event_961,user_218,income,True,30,False,True,confirmed,73706092.49,IDR,2025-08-18,Confirmed Monthly Salary,
event_962,user_218,recurring_expense,True,30,False,True,confirmed,23155173.42,IDR,2025-08-23,Apartment Rent & Essential Utilities,
event_963,user_218,recurring_expense,True,15,False,True,confirmed,6736466.57,IDR,2025-08-11,Bi-weekly Groceries & Commuting,
event_964,user_218,recurring_expense,True,30,True,False,confirmed,5753374.29,IDR,2025-08-14,Streaming Services & Dining Out Club,
event_965,user_218,recurring_expense,True,30,True,False,confirmed,2562705.95,IDR,2025-08-19,Fitness & Luxury Lifestyle Subscription,
event_966,user_219,income,True,30,False,True,confirmed,2980.94,EUR,2026-04-22,Confirmed Monthly Salary,
event_967,user_219,recurring_expense,True,30,False,True,confirmed,958.72,EUR,2026-04-27,Apartment Rent & Essential Utilities,
event_968,user_219,recurring_expense,True,15,False,True,confirmed,363.05,EUR,2026-04-08,Bi-weekly Groceries & Commuting,
event_969,user_219,recurring_expense,True,30,True,False,confirmed,150.47,EUR,2026-04-11,Streaming Services & Dining Out Club,
event_970,user_219,recurring_expense,True,30,True,False,confirmed,146.6,EUR,2026-04-16,Fitness & Luxury Lifestyle Subscription,
event_971,user_220,income,True,30,False,True,confirmed,3887.94,EUR,2024-06-11,Confirmed Monthly Salary,
event_972,user_220,recurring_expense,True,30,False,True,confirmed,1127.69,EUR,2024-06-16,Apartment Rent & Essential Utilities,
event_973,user_220,recurring_expense,True,15,False,True,confirmed,355.68,EUR,2024-06-10,Bi-weekly Groceries & Commuting,
event_974,user_220,recurring_expense,True,30,True,False,confirmed,352.92,EUR,2024-06-13,Streaming Services & Dining Out Club,
event_975,user_220,recurring_expense,True,30,True,False,confirmed,228.0,EUR,2024-06-18,Fitness & Luxury Lifestyle Subscription,
event_976,user_221,income,True,30,False,True,confirmed,116558.54,INR,2025-11-15,Confirmed Monthly Salary,
event_977,user_221,recurring_expense,True,30,False,True,confirmed,35425.97,INR,2025-11-20,Apartment Rent & Essential Utilities,
event_978,user_221,recurring_expense,True,15,False,True,confirmed,10119.05,INR,2025-11-07,Bi-weekly Groceries & Commuting,
event_979,user_221,recurring_expense,True,30,True,False,confirmed,11276.46,INR,2025-11-10,Streaming Services & Dining Out Club,
event_980,user_221,recurring_expense,True,30,True,False,confirmed,6209.04,INR,2025-11-15,Fitness & Luxury Lifestyle Subscription,
event_981,user_222,income,True,30,False,True,confirmed,32705.23,ZAR,2026-01-24,Confirmed Monthly Salary,
event_982,user_222,recurring_expense,True,30,False,True,confirmed,11542.04,ZAR,2026-01-29,Apartment Rent & Essential Utilities,
event_983,user_222,recurring_expense,True,15,False,True,confirmed,3962.41,ZAR,2026-01-09,Bi-weekly Groceries & Commuting,
event_984,user_222,recurring_expense,True,30,True,False,confirmed,3667.76,ZAR,2026-01-12,Streaming Services & Dining Out Club,
event_985,user_222,recurring_expense,True,30,True,False,confirmed,2240.05,ZAR,2026-01-17,Fitness & Luxury Lifestyle Subscription,
event_986,user_223,income,True,30,False,True,confirmed,1339.32,EUR,2024-09-13,Confirmed Monthly Salary,
event_987,user_223,recurring_expense,True,30,False,True,confirmed,463.15,EUR,2024-09-18,Apartment Rent & Essential Utilities,
event_988,user_223,recurring_expense,True,15,False,True,confirmed,163.44,EUR,2024-09-11,Bi-weekly Groceries & Commuting,
event_989,user_223,recurring_expense,True,30,True,False,confirmed,101.42,EUR,2024-09-14,Streaming Services & Dining Out Club,
event_990,user_223,recurring_expense,True,30,True,False,confirmed,54.97,EUR,2024-09-19,Fitness & Luxury Lifestyle Subscription,
event_991,user_224,income,True,30,False,True,confirmed,18148262.26,IDR,2025-02-17,Confirmed Monthly Salary,
event_992,user_224,recurring_expense,True,30,False,True,confirmed,5838791.14,IDR,2025-02-22,Apartment Rent & Essential Utilities,
event_993,user_224,recurring_expense,True,15,False,True,confirmed,1773973.28,IDR,2025-02-08,Bi-weekly Groceries & Commuting,
event_994,user_224,recurring_expense,True,30,True,False,confirmed,2163611.46,IDR,2025-02-11,Streaming Services & Dining Out Club,
event_995,user_224,recurring_expense,True,30,True,False,confirmed,883479.95,IDR,2025-02-16,Fitness & Luxury Lifestyle Subscription,
event_996,user_225,income,True,30,False,True,confirmed,33131310.49,IDR,2026-07-26,Confirmed Monthly Salary,
event_997,user_225,recurring_expense,True,30,False,True,confirmed,12819151.19,IDR,2026-07-31,Apartment Rent & Essential Utilities,
event_998,user_225,recurring_expense,True,15,False,True,confirmed,3739449.06,IDR,2026-07-10,Bi-weekly Groceries & Commuting,
event_999,user_225,recurring_expense,True,30,True,False,confirmed,3516545.68,IDR,2026-07-13,Streaming Services & Dining Out Club,
event_1000,user_225,recurring_expense,True,30,True,False,confirmed,2361605.62,IDR,2026-07-18,Fitness & Luxury Lifestyle Subscription,
event_1001,user_226,income,True,30,False,True,confirmed,245211.96,INR,2024-12-10,Confirmed Monthly Salary,
event_1002,user_226,recurring_expense,True,30,False,True,confirmed,86327.19,INR,2024-12-15,Apartment Rent & Essential Utilities,
event_1003,user_226,recurring_expense,True,15,False,True,confirmed,25695.94,INR,2024-12-07,Bi-weekly Groceries & Commuting,
event_1004,user_226,recurring_expense,True,30,True,False,confirmed,25775.69,INR,2024-12-10,Streaming Services & Dining Out Club,
event_1005,user_226,recurring_expense,True,30,True,False,confirmed,13799.38,INR,2024-12-15,Fitness & Luxury Lifestyle Subscription,
event_1006,user_227,income,True,30,False,True,confirmed,344926.56,INR,2025-05-19,Confirmed Monthly Salary,
event_1007,user_227,recurring_expense,True,30,False,True,confirmed,104950.02,INR,2025-05-24,Apartment Rent & Essential Utilities,
event_1008,user_227,recurring_expense,True,15,False,True,confirmed,41688.6,INR,2025-05-09,Bi-weekly Groceries & Commuting,
event_1009,user_227,recurring_expense,True,30,True,False,confirmed,19955.59,INR,2025-05-12,Streaming Services & Dining Out Club,
event_1010,user_227,recurring_expense,True,30,True,False,confirmed,24641.11,INR,2025-05-17,Fitness & Luxury Lifestyle Subscription,
event_1011,user_228,income,True,30,False,True,confirmed,107838798.52,IDR,2026-04-28,Confirmed Monthly Salary,
event_1012,user_228,recurring_expense,True,30,False,True,confirmed,30229751.25,IDR,2026-05-03,Apartment Rent & Essential Utilities,
event_1013,user_228,recurring_expense,True,15,False,True,confirmed,10981549.22,IDR,2026-04-11,Bi-weekly Groceries & Commuting,
event_1014,user_228,recurring_expense,True,30,True,False,confirmed,6633984.18,IDR,2026-04-14,Streaming Services & Dining Out Club,
event_1015,user_228,recurring_expense,True,30,True,False,confirmed,7842501.18,IDR,2026-04-19,Fitness & Luxury Lifestyle Subscription,
event_1016,user_229,income,True,30,False,True,confirmed,1896.04,EUR,2024-03-12,Confirmed Monthly Salary,
event_1017,user_229,recurring_expense,True,30,False,True,confirmed,667.49,EUR,2024-03-17,Apartment Rent & Essential Utilities,
event_1018,user_229,recurring_expense,True,15,False,True,confirmed,210.17,EUR,2024-03-08,Bi-weekly Groceries & Commuting,
event_1019,user_229,recurring_expense,True,30,True,False,confirmed,159.68,EUR,2024-03-11,Streaming Services & Dining Out Club,
event_1020,user_229,recurring_expense,True,30,True,False,confirmed,142.1,EUR,2024-03-16,Fitness & Luxury Lifestyle Subscription,
event_1021,user_230,income,True,30,False,True,confirmed,4406.02,EUR,2025-08-21,Confirmed Monthly Salary,
event_1022,user_230,recurring_expense,True,30,False,True,confirmed,1138.27,EUR,2025-08-26,Apartment Rent & Essential Utilities,
event_1023,user_230,recurring_expense,True,15,False,True,confirmed,359.52,EUR,2025-08-10,Bi-weekly Groceries & Commuting,
event_1024,user_230,recurring_expense,True,30,True,False,confirmed,348.43,EUR,2025-08-13,Streaming Services & Dining Out Club,
event_1025,user_230,recurring_expense,True,30,True,False,confirmed,256.41,EUR,2025-08-18,Fitness & Luxury Lifestyle Subscription,
event_1026,user_231,income,True,30,False,True,confirmed,48517.21,ZAR,2026-01-25,Confirmed Monthly Salary,
event_1027,user_231,recurring_expense,True,30,False,True,confirmed,17025.42,ZAR,2026-01-30,Apartment Rent & Essential Utilities,
event_1028,user_231,recurring_expense,True,15,False,True,confirmed,4386.36,ZAR,2026-01-07,Bi-weekly Groceries & Commuting,
event_1029,user_231,recurring_expense,True,30,True,False,confirmed,2499.8,ZAR,2026-01-10,Streaming Services & Dining Out Club,
event_1030,user_231,recurring_expense,True,30,True,False,confirmed,2072.79,ZAR,2026-01-15,Fitness & Luxury Lifestyle Subscription,
event_1031,user_232,income,True,30,False,True,confirmed,1582.02,EUR,2024-06-14,Confirmed Monthly Salary,
event_1032,user_232,recurring_expense,True,30,False,True,confirmed,447.21,EUR,2024-06-19,Apartment Rent & Essential Utilities,
event_1033,user_232,recurring_expense,True,15,False,True,confirmed,124.43,EUR,2024-06-09,Bi-weekly Groceries & Commuting,
event_1034,user_232,recurring_expense,True,30,True,False,confirmed,126.02,EUR,2024-06-12,Streaming Services & Dining Out Club,
event_1035,user_232,recurring_expense,True,30,True,False,confirmed,102.86,EUR,2024-06-17,Fitness & Luxury Lifestyle Subscription,
event_1036,user_233,income,True,30,False,True,confirmed,8370201.43,IDR,2025-11-23,Confirmed Monthly Salary,
event_1037,user_233,recurring_expense,True,30,False,True,confirmed,2168203.12,IDR,2025-11-28,Apartment Rent & Essential Utilities,
event_1038,user_233,recurring_expense,True,15,False,True,confirmed,1002004.54,IDR,2025-11-11,Bi-weekly Groceries & Commuting,
event_1039,user_233,recurring_expense,True,30,True,False,confirmed,996301.79,IDR,2025-11-14,Streaming Services & Dining Out Club,
event_1040,user_233,recurring_expense,True,30,True,False,confirmed,448672.59,IDR,2025-11-19,Fitness & Luxury Lifestyle Subscription,
event_1041,user_234,income,True,30,False,True,confirmed,1318.97,EUR,2026-07-27,Confirmed Monthly Salary,
event_1042,user_234,recurring_expense,True,30,False,True,confirmed,365.35,EUR,2026-08-01,Apartment Rent & Essential Utilities,
event_1043,user_234,recurring_expense,True,15,False,True,confirmed,107.86,EUR,2026-07-08,Bi-weekly Groceries & Commuting,
event_1044,user_234,recurring_expense,True,30,True,False,confirmed,125.18,EUR,2026-07-11,Streaming Services & Dining Out Club,
event_1045,user_234,recurring_expense,True,30,True,False,confirmed,87.66,EUR,2026-07-16,Fitness & Luxury Lifestyle Subscription,
event_1046,user_235,income,True,30,False,True,confirmed,1705.93,USD,2024-09-16,Confirmed Monthly Salary,
event_1047,user_235,recurring_expense,True,30,False,True,confirmed,522.3,USD,2024-09-21,Apartment Rent & Essential Utilities,
event_1048,user_235,recurring_expense,True,15,False,True,confirmed,203.97,USD,2024-09-10,Bi-weekly Groceries & Commuting,
event_1049,user_235,recurring_expense,True,30,True,False,confirmed,138.86,USD,2024-09-13,Streaming Services & Dining Out Club,
event_1050,user_235,recurring_expense,True,30,True,False,confirmed,129.4,USD,2024-09-18,Fitness & Luxury Lifestyle Subscription,
event_1051,user_236,income,True,30,False,True,confirmed,61680791.28,IDR,2025-02-20,Confirmed Monthly Salary,
event_1052,user_236,recurring_expense,True,30,False,True,confirmed,16162680.28,IDR,2025-02-25,Apartment Rent & Essential Utilities,
event_1053,user_236,recurring_expense,True,15,False,True,confirmed,7599518.75,IDR,2025-02-07,Bi-weekly Groceries & Commuting,
event_1054,user_236,recurring_expense,True,30,True,False,confirmed,6860061.15,IDR,2025-02-10,Streaming Services & Dining Out Club,
event_1055,user_236,recurring_expense,True,30,True,False,confirmed,2260569.56,IDR,2025-02-15,Fitness & Luxury Lifestyle Subscription,
event_1056,user_237,income,True,30,False,True,confirmed,39557988.08,IDR,2026-04-29,Confirmed Monthly Salary,
event_1057,user_237,recurring_expense,True,30,False,True,confirmed,10593430.43,IDR,2026-05-04,Apartment Rent & Essential Utilities,
event_1058,user_237,recurring_expense,True,15,False,True,confirmed,4930600.16,IDR,2026-04-09,Bi-weekly Groceries & Commuting,
event_1059,user_237,recurring_expense,True,30,True,False,confirmed,3066302.01,IDR,2026-04-12,Streaming Services & Dining Out Club,
event_1060,user_237,recurring_expense,True,30,True,False,confirmed,1438619.37,IDR,2026-04-17,Fitness & Luxury Lifestyle Subscription,
event_1061,user_238,income,True,30,False,True,confirmed,1180.36,USD,2024-12-18,Confirmed Monthly Salary,
event_1062,user_238,recurring_expense,True,30,False,True,confirmed,442.9,USD,2024-12-23,Apartment Rent & Essential Utilities,
event_1063,user_238,recurring_expense,True,15,False,True,confirmed,133.16,USD,2024-12-11,Bi-weekly Groceries & Commuting,
event_1064,user_238,recurring_expense,True,30,True,False,confirmed,139.87,USD,2024-12-14,Streaming Services & Dining Out Club,
event_1065,user_238,recurring_expense,True,30,True,False,confirmed,62.74,USD,2024-12-19,Fitness & Luxury Lifestyle Subscription,
event_1066,user_239,income,True,30,False,True,confirmed,975.26,USD,2025-05-22,Confirmed Monthly Salary,
event_1067,user_239,recurring_expense,True,30,False,True,confirmed,305.86,USD,2025-05-27,Apartment Rent & Essential Utilities,
event_1068,user_239,recurring_expense,True,15,False,True,confirmed,91.64,USD,2025-05-08,Bi-weekly Groceries & Commuting,
event_1069,user_239,recurring_expense,True,30,True,False,confirmed,64.44,USD,2025-05-11,Streaming Services & Dining Out Club,
event_1070,user_239,recurring_expense,True,30,True,False,confirmed,51.72,USD,2025-05-16,Fitness & Luxury Lifestyle Subscription,
event_1071,user_240,income,True,30,False,True,confirmed,96658.28,INR,2026-01-11,Confirmed Monthly Salary,
event_1072,user_240,recurring_expense,True,30,False,True,confirmed,26897.3,INR,2026-01-16,Apartment Rent & Essential Utilities,
event_1073,user_240,recurring_expense,True,15,False,True,confirmed,11479.17,INR,2026-01-10,Bi-weekly Groceries & Commuting,
event_1074,user_240,recurring_expense,True,30,True,False,confirmed,10012.28,INR,2026-01-13,Streaming Services & Dining Out Club,
event_1075,user_240,recurring_expense,True,30,True,False,confirmed,3055.45,INR,2026-01-18,Fitness & Luxury Lifestyle Subscription,
event_1076,user_241,income,True,30,False,True,confirmed,30740081.68,IDR,2024-03-15,Confirmed Monthly Salary,
event_1077,user_241,recurring_expense,True,30,False,True,confirmed,10520438.86,IDR,2024-03-20,Apartment Rent & Essential Utilities,
event_1078,user_241,recurring_expense,True,15,False,True,confirmed,3744507.65,IDR,2024-03-07,Bi-weekly Groceries & Commuting,
event_1079,user_241,recurring_expense,True,30,True,False,confirmed,3450048.33,IDR,2024-03-10,Streaming Services & Dining Out Club,
event_1080,user_241,recurring_expense,True,30,True,False,confirmed,1292107.53,IDR,2024-03-15,Fitness & Luxury Lifestyle Subscription,
event_1081,user_242,income,True,30,False,True,confirmed,1705.79,EUR,2025-08-24,Confirmed Monthly Salary,
event_1082,user_242,recurring_expense,True,30,False,True,confirmed,578.42,EUR,2025-08-29,Apartment Rent & Essential Utilities,
event_1083,user_242,recurring_expense,True,15,False,True,confirmed,166.01,EUR,2025-08-09,Bi-weekly Groceries & Commuting,
event_1084,user_242,recurring_expense,True,30,True,False,confirmed,165.53,EUR,2025-08-12,Streaming Services & Dining Out Club,
event_1085,user_242,recurring_expense,True,30,True,False,confirmed,125.56,EUR,2025-08-17,Fitness & Luxury Lifestyle Subscription,
event_1086,user_243,income,True,30,False,True,confirmed,18249.42,ZAR,2026-07-13,Confirmed Monthly Salary,
event_1087,user_243,recurring_expense,True,30,False,True,confirmed,4683.45,ZAR,2026-07-18,Apartment Rent & Essential Utilities,
event_1088,user_243,recurring_expense,True,15,False,True,confirmed,1769.24,ZAR,2026-07-11,Bi-weekly Groceries & Commuting,
event_1089,user_243,recurring_expense,True,30,True,False,confirmed,1601.99,ZAR,2026-07-14,Streaming Services & Dining Out Club,
event_1090,user_243,recurring_expense,True,30,True,False,confirmed,1235.84,ZAR,2026-07-19,Fitness & Luxury Lifestyle Subscription,
event_1091,user_244,income,True,30,False,True,confirmed,78673.94,ZAR,2024-06-17,Confirmed Monthly Salary,
event_1092,user_244,recurring_expense,True,30,False,True,confirmed,21322.24,ZAR,2024-06-22,Apartment Rent & Essential Utilities,
event_1093,user_244,recurring_expense,True,15,False,True,confirmed,9808.61,ZAR,2024-06-08,Bi-weekly Groceries & Commuting,
event_1094,user_244,recurring_expense,True,30,True,False,confirmed,5223.27,ZAR,2024-06-11,Streaming Services & Dining Out Club,
event_1095,user_244,recurring_expense,True,30,True,False,confirmed,5965.05,ZAR,2024-06-16,Fitness & Luxury Lifestyle Subscription,
event_1096,user_245,income,True,30,False,True,confirmed,176830.18,INR,2025-11-26,Confirmed Monthly Salary,
event_1097,user_245,recurring_expense,True,30,False,True,confirmed,59524.79,INR,2025-12-01,Apartment Rent & Essential Utilities,
event_1098,user_245,recurring_expense,True,15,False,True,confirmed,20092.67,INR,2025-11-10,Bi-weekly Groceries & Commuting,
event_1099,user_245,recurring_expense,True,30,True,False,confirmed,18971.54,INR,2025-11-13,Streaming Services & Dining Out Club,
event_1100,user_245,recurring_expense,True,30,True,False,confirmed,7399.49,INR,2025-11-18,Fitness & Luxury Lifestyle Subscription,
event_1101,user_246,income,True,30,False,True,confirmed,107424.69,ZAR,2026-04-10,Confirmed Monthly Salary,
event_1102,user_246,recurring_expense,True,30,False,True,confirmed,42739.38,ZAR,2026-04-15,Apartment Rent & Essential Utilities,
event_1103,user_246,recurring_expense,True,15,False,True,confirmed,10856.61,ZAR,2026-04-07,Bi-weekly Groceries & Commuting,
event_1104,user_246,recurring_expense,True,30,True,False,confirmed,8481.09,ZAR,2026-04-10,Streaming Services & Dining Out Club,
event_1105,user_246,recurring_expense,True,30,True,False,confirmed,4700.66,ZAR,2026-04-15,Fitness & Luxury Lifestyle Subscription,
event_1106,user_247,income,True,30,False,True,confirmed,1437.17,EUR,2024-09-19,Confirmed Monthly Salary,
event_1107,user_247,recurring_expense,True,30,False,True,confirmed,486.84,EUR,2024-09-24,Apartment Rent & Essential Utilities,
event_1108,user_247,recurring_expense,True,15,False,True,confirmed,160.62,EUR,2024-09-09,Bi-weekly Groceries & Commuting,
event_1109,user_247,recurring_expense,True,30,True,False,confirmed,89.48,EUR,2024-09-12,Streaming Services & Dining Out Club,
event_1110,user_247,recurring_expense,True,30,True,False,confirmed,91.89,EUR,2024-09-17,Fitness & Luxury Lifestyle Subscription,
event_1111,user_248,income,True,30,False,True,confirmed,2665.06,USD,2025-02-28,Confirmed Monthly Salary,
event_1112,user_248,recurring_expense,True,30,False,True,confirmed,685.01,USD,2025-03-05,Apartment Rent & Essential Utilities,
event_1113,user_248,recurring_expense,True,15,False,True,confirmed,245.78,USD,2025-02-11,Bi-weekly Groceries & Commuting,
event_1114,user_248,recurring_expense,True,30,True,False,confirmed,253.27,USD,2025-02-14,Streaming Services & Dining Out Club,
event_1115,user_248,recurring_expense,True,30,True,False,confirmed,130.74,USD,2025-02-19,Fitness & Luxury Lifestyle Subscription,
event_1116,user_249,income,True,30,False,True,confirmed,851.89,USD,2026-01-12,Confirmed Monthly Salary,
event_1117,user_249,recurring_expense,True,30,False,True,confirmed,301.95,USD,2026-01-17,Apartment Rent & Essential Utilities,
event_1118,user_249,recurring_expense,True,15,False,True,confirmed,81.28,USD,2026-01-08,Bi-weekly Groceries & Commuting,
event_1119,user_249,recurring_expense,True,30,True,False,confirmed,60.48,USD,2026-01-11,Streaming Services & Dining Out Club,
event_1120,user_249,recurring_expense,True,30,True,False,confirmed,33.39,USD,2026-01-16,Fitness & Luxury Lifestyle Subscription,
event_1121,user_250,income,True,30,False,True,confirmed,166275.05,ZAR,2024-12-21,Confirmed Monthly Salary,
event_1122,user_250,recurring_expense,True,30,False,True,confirmed,47578.81,ZAR,2024-12-26,Apartment Rent & Essential Utilities,
event_1123,user_250,recurring_expense,True,15,False,True,confirmed,14344.09,ZAR,2024-12-10,Bi-weekly Groceries & Commuting,
event_1124,user_250,recurring_expense,True,30,True,False,confirmed,18294.89,ZAR,2024-12-13,Streaming Services & Dining Out Club,
event_1125,user_250,recurring_expense,True,30,True,False,confirmed,6188.36,ZAR,2024-12-18,Fitness & Luxury Lifestyle Subscription,
event_1126,user_251,income,True,30,False,True,confirmed,1911.71,EUR,2025-05-25,Confirmed Monthly Salary,
event_1127,user_251,recurring_expense,True,30,False,True,confirmed,494.45,EUR,2025-05-30,Apartment Rent & Essential Utilities,
event_1128,user_251,recurring_expense,True,15,False,True,confirmed,182.82,EUR,2025-05-07,Bi-weekly Groceries & Commuting,
event_1129,user_251,recurring_expense,True,30,True,False,confirmed,151.32,EUR,2025-05-10,Streaming Services & Dining Out Club,
event_1130,user_251,recurring_expense,True,30,True,False,confirmed,108.01,EUR,2025-05-15,Fitness & Luxury Lifestyle Subscription,
event_1131,user_252,income,True,30,False,True,confirmed,33373183.73,IDR,2026-07-14,Confirmed Monthly Salary,
event_1132,user_252,recurring_expense,True,30,False,True,confirmed,9619798.41,IDR,2026-07-19,Apartment Rent & Essential Utilities,
event_1133,user_252,recurring_expense,True,15,False,True,confirmed,3054085.16,IDR,2026-07-09,Bi-weekly Groceries & Commuting,
event_1134,user_252,recurring_expense,True,30,True,False,confirmed,1853377.43,IDR,2026-07-12,Streaming Services & Dining Out Club,
event_1135,user_252,recurring_expense,True,30,True,False,confirmed,1751736.43,IDR,2026-07-17,Fitness & Luxury Lifestyle Subscription,
event_1136,user_253,income,True,30,False,True,confirmed,3326.09,EUR,2024-03-23,Confirmed Monthly Salary,
event_1137,user_253,recurring_expense,True,30,False,True,confirmed,1098.76,EUR,2024-03-28,Apartment Rent & Essential Utilities,
event_1138,user_253,recurring_expense,True,15,False,True,confirmed,387.39,EUR,2024-03-11,Bi-weekly Groceries & Commuting,
event_1139,user_253,recurring_expense,True,30,True,False,confirmed,178.3,EUR,2024-03-14,Streaming Services & Dining Out Club,
event_1140,user_253,recurring_expense,True,30,True,False,confirmed,162.51,EUR,2024-03-19,Fitness & Luxury Lifestyle Subscription,
event_1141,user_254,income,True,30,False,True,confirmed,4966.85,USD,2025-08-27,Confirmed Monthly Salary,
event_1142,user_254,recurring_expense,True,30,False,True,confirmed,1271.18,USD,2025-09-01,Apartment Rent & Essential Utilities,
event_1143,user_254,recurring_expense,True,15,False,True,confirmed,390.59,USD,2025-08-08,Bi-weekly Groceries & Commuting,
event_1144,user_254,recurring_expense,True,30,True,False,confirmed,528.1,USD,2025-08-11,Streaming Services & Dining Out Club,
event_1145,user_254,recurring_expense,True,30,True,False,confirmed,294.93,USD,2025-08-16,Fitness & Luxury Lifestyle Subscription,
event_1146,user_255,income,True,30,False,True,confirmed,4922002.0,IDR,2026-04-16,Confirmed Monthly Salary,
event_1147,user_255,recurring_expense,True,30,False,True,confirmed,1390723.86,IDR,2026-04-21,Apartment Rent & Essential Utilities,
event_1148,user_255,recurring_expense,True,15,False,True,confirmed,420557.78,IDR,2026-04-10,Bi-weekly Groceries & Commuting,
event_1149,user_255,recurring_expense,True,30,True,False,confirmed,558609.32,IDR,2026-04-13,Streaming Services & Dining Out Club,
event_1150,user_255,recurring_expense,True,30,True,False,confirmed,222274.66,IDR,2026-04-18,Fitness & Luxury Lifestyle Subscription,
event_1151,user_256,income,True,30,False,True,confirmed,373757.02,INR,2024-06-20,Confirmed Monthly Salary,
event_1152,user_256,recurring_expense,True,30,False,True,confirmed,105313.95,INR,2024-06-25,Apartment Rent & Essential Utilities,
event_1153,user_256,recurring_expense,True,15,False,True,confirmed,31582.91,INR,2024-06-07,Bi-weekly Groceries & Commuting,
event_1154,user_256,recurring_expense,True,30,True,False,confirmed,38087.06,INR,2024-06-10,Streaming Services & Dining Out Club,
event_1155,user_256,recurring_expense,True,30,True,False,confirmed,25170.28,INR,2024-06-15,Fitness & Luxury Lifestyle Subscription,
event_1156,user_257,income,True,30,False,True,confirmed,2102.08,USD,2025-11-29,Confirmed Monthly Salary,
event_1157,user_257,recurring_expense,True,30,False,True,confirmed,813.85,USD,2025-12-04,Apartment Rent & Essential Utilities,
event_1158,user_257,recurring_expense,True,15,False,True,confirmed,230.77,USD,2025-11-09,Bi-weekly Groceries & Commuting,
event_1159,user_257,recurring_expense,True,30,True,False,confirmed,208.66,USD,2025-11-12,Streaming Services & Dining Out Club,
event_1160,user_257,recurring_expense,True,30,True,False,confirmed,104.75,USD,2025-11-17,Fitness & Luxury Lifestyle Subscription,
event_1161,user_258,income,True,30,False,True,confirmed,1157.4,USD,2026-01-18,Confirmed Monthly Salary,
event_1162,user_258,recurring_expense,True,30,False,True,confirmed,345.19,USD,2026-01-23,Apartment Rent & Essential Utilities,
event_1163,user_258,recurring_expense,True,15,False,True,confirmed,103.19,USD,2026-01-11,Bi-weekly Groceries & Commuting,
event_1164,user_258,recurring_expense,True,30,True,False,confirmed,95.64,USD,2026-01-14,Streaming Services & Dining Out Club,
event_1165,user_258,recurring_expense,True,30,True,False,confirmed,72.26,USD,2026-01-19,Fitness & Luxury Lifestyle Subscription,
event_1166,user_259,income,True,30,False,True,confirmed,1036.37,EUR,2024-09-22,Confirmed Monthly Salary,
event_1167,user_259,recurring_expense,True,30,False,True,confirmed,315.0,EUR,2024-09-27,Apartment Rent & Essential Utilities,
event_1168,user_259,recurring_expense,True,15,False,True,confirmed,123.47,EUR,2024-09-08,Bi-weekly Groceries & Commuting,
event_1169,user_259,recurring_expense,True,30,True,False,confirmed,85.63,EUR,2024-09-11,Streaming Services & Dining Out Club,
event_1170,user_259,recurring_expense,True,30,True,False,confirmed,72.69,EUR,2024-09-16,Fitness & Luxury Lifestyle Subscription,
event_1171,user_260,income,True,30,False,True,confirmed,79285776.48,IDR,2025-02-11,Confirmed Monthly Salary,
event_1172,user_260,recurring_expense,True,30,False,True,confirmed,28879395.75,IDR,2025-02-16,Apartment Rent & Essential Utilities,
event_1173,user_260,recurring_expense,True,15,False,True,confirmed,7215930.47,IDR,2025-02-10,Bi-weekly Groceries & Commuting,
event_1174,user_260,recurring_expense,True,30,True,False,confirmed,5091647.28,IDR,2025-02-13,Streaming Services & Dining Out Club,
event_1175,user_260,recurring_expense,True,30,True,False,confirmed,3619086.56,IDR,2025-02-18,Fitness & Luxury Lifestyle Subscription,
event_1176,user_261,income,True,30,False,True,confirmed,1548.0,EUR,2026-07-15,Confirmed Monthly Salary,
event_1177,user_261,recurring_expense,True,30,False,True,confirmed,587.64,EUR,2026-07-20,Apartment Rent & Essential Utilities,
event_1178,user_261,recurring_expense,True,15,False,True,confirmed,173.47,EUR,2026-07-07,Bi-weekly Groceries & Commuting,
event_1179,user_261,recurring_expense,True,30,True,False,confirmed,79.16,EUR,2026-07-10,Streaming Services & Dining Out Club,
event_1180,user_261,recurring_expense,True,30,True,False,confirmed,89.27,EUR,2026-07-15,Fitness & Luxury Lifestyle Subscription,
event_1181,user_262,income,True,30,False,True,confirmed,12782918.62,IDR,2024-12-24,Confirmed Monthly Salary,
event_1182,user_262,recurring_expense,True,30,False,True,confirmed,4576307.76,IDR,2024-12-29,Apartment Rent & Essential Utilities,
event_1183,user_262,recurring_expense,True,15,False,True,confirmed,1147389.84,IDR,2024-12-09,Bi-weekly Groceries & Commuting,
event_1184,user_262,recurring_expense,True,30,True,False,confirmed,814699.18,IDR,2024-12-12,Streaming Services & Dining Out Club,
event_1185,user_262,recurring_expense,True,30,True,False,confirmed,530503.03,IDR,2024-12-17,Fitness & Luxury Lifestyle Subscription,
event_1186,user_263,income,True,30,False,True,confirmed,70607.17,ZAR,2025-05-13,Confirmed Monthly Salary,
event_1187,user_263,recurring_expense,True,30,False,True,confirmed,20254.34,ZAR,2025-05-18,Apartment Rent & Essential Utilities,
event_1188,user_263,recurring_expense,True,15,False,True,confirmed,7239.51,ZAR,2025-05-11,Bi-weekly Groceries & Commuting,
event_1189,user_263,recurring_expense,True,30,True,False,confirmed,8193.43,ZAR,2025-05-14,Streaming Services & Dining Out Club,
event_1190,user_263,recurring_expense,True,30,True,False,confirmed,3309.94,ZAR,2025-05-19,Fitness & Luxury Lifestyle Subscription,
event_1191,user_264,income,True,30,False,True,confirmed,174002.04,INR,2026-04-17,Confirmed Monthly Salary,
event_1192,user_264,recurring_expense,True,30,False,True,confirmed,56253.67,INR,2026-04-22,Apartment Rent & Essential Utilities,
event_1193,user_264,recurring_expense,True,15,False,True,confirmed,19345.18,INR,2026-04-08,Bi-weekly Groceries & Commuting,
event_1194,user_264,recurring_expense,True,30,True,False,confirmed,17708.46,INR,2026-04-11,Streaming Services & Dining Out Club,
event_1195,user_264,recurring_expense,True,30,True,False,confirmed,9229.32,INR,2026-04-16,Fitness & Luxury Lifestyle Subscription,
event_1196,user_265,income,True,30,False,True,confirmed,70461.54,INR,2024-03-26,Confirmed Monthly Salary,
event_1197,user_265,recurring_expense,True,30,False,True,confirmed,21337.62,INR,2024-03-31,Apartment Rent & Essential Utilities,
event_1198,user_265,recurring_expense,True,15,False,True,confirmed,5777.7,INR,2024-03-10,Bi-weekly Groceries & Commuting,
event_1199,user_265,recurring_expense,True,30,True,False,confirmed,6218.81,INR,2024-03-13,Streaming Services & Dining Out Club,
event_1200,user_265,recurring_expense,True,30,True,False,confirmed,2762.26,INR,2024-03-18,Fitness & Luxury Lifestyle Subscription,
event_1201,user_266,income,True,30,False,True,confirmed,1579.56,EUR,2025-08-10,Confirmed Monthly Salary,
event_1202,user_266,recurring_expense,True,30,False,True,confirmed,629.53,EUR,2025-08-15,Apartment Rent & Essential Utilities,
event_1203,user_266,recurring_expense,True,15,False,True,confirmed,194.07,EUR,2025-08-07,Bi-weekly Groceries & Commuting,
event_1204,user_266,recurring_expense,True,30,True,False,confirmed,136.91,EUR,2025-08-10,Streaming Services & Dining Out Club,
event_1205,user_266,recurring_expense,True,30,True,False,confirmed,113.65,EUR,2025-08-15,Fitness & Luxury Lifestyle Subscription,
event_1206,user_267,income,True,30,False,True,confirmed,1683.09,EUR,2026-01-19,Confirmed Monthly Salary,
event_1207,user_267,recurring_expense,True,30,False,True,confirmed,627.29,EUR,2026-01-24,Apartment Rent & Essential Utilities,
event_1208,user_267,recurring_expense,True,15,False,True,confirmed,130.31,EUR,2026-01-09,Bi-weekly Groceries & Commuting,
event_1209,user_267,recurring_expense,True,30,True,False,confirmed,84.91,EUR,2026-01-12,Streaming Services & Dining Out Club,
event_1210,user_267,recurring_expense,True,30,True,False,confirmed,62.06,EUR,2026-01-17,Fitness & Luxury Lifestyle Subscription,
event_1211,user_268,income,True,30,False,True,confirmed,3471.74,EUR,2024-06-28,Confirmed Monthly Salary,
event_1212,user_268,recurring_expense,True,30,False,True,confirmed,903.33,EUR,2024-07-03,Apartment Rent & Essential Utilities,
event_1213,user_268,recurring_expense,True,15,False,True,confirmed,286.6,EUR,2024-06-11,Bi-weekly Groceries & Commuting,
event_1214,user_268,recurring_expense,True,30,True,False,confirmed,226.74,EUR,2024-06-14,Streaming Services & Dining Out Club,
event_1215,user_268,recurring_expense,True,30,True,False,confirmed,183.31,EUR,2024-06-19,Fitness & Luxury Lifestyle Subscription,
event_1216,user_269,income,True,30,False,True,confirmed,13328.37,ZAR,2025-11-12,Confirmed Monthly Salary,
event_1217,user_269,recurring_expense,True,30,False,True,confirmed,4607.07,ZAR,2025-11-17,Apartment Rent & Essential Utilities,
event_1218,user_269,recurring_expense,True,15,False,True,confirmed,1622.0,ZAR,2025-11-08,Bi-weekly Groceries & Commuting,
event_1219,user_269,recurring_expense,True,30,True,False,confirmed,1518.0,ZAR,2025-11-11,Streaming Services & Dining Out Club,
event_1220,user_269,recurring_expense,True,30,True,False,confirmed,839.21,ZAR,2025-11-16,Fitness & Luxury Lifestyle Subscription,
event_1221,user_270,income,True,30,False,True,confirmed,2470.69,USD,2026-07-21,Confirmed Monthly Salary,
event_1222,user_270,recurring_expense,True,30,False,True,confirmed,814.91,USD,2026-07-26,Apartment Rent & Essential Utilities,
event_1223,user_270,recurring_expense,True,15,False,True,confirmed,236.12,USD,2026-07-10,Bi-weekly Groceries & Commuting,
event_1224,user_270,recurring_expense,True,30,True,False,confirmed,126.43,USD,2026-07-13,Streaming Services & Dining Out Club,
event_1225,user_270,recurring_expense,True,30,True,False,confirmed,163.34,USD,2026-07-18,Fitness & Luxury Lifestyle Subscription,
event_1226,user_271,income,True,30,False,True,confirmed,121952.89,INR,2024-09-25,Confirmed Monthly Salary,
event_1227,user_271,recurring_expense,True,30,False,True,confirmed,35732.6,INR,2024-09-30,Apartment Rent & Essential Utilities,
event_1228,user_271,recurring_expense,True,15,False,True,confirmed,12208.8,INR,2024-09-07,Bi-weekly Groceries & Commuting,
event_1229,user_271,recurring_expense,True,30,True,False,confirmed,12055.06,INR,2024-09-10,Streaming Services & Dining Out Club,
event_1230,user_271,recurring_expense,True,30,True,False,confirmed,6284.07,INR,2024-09-15,Fitness & Luxury Lifestyle Subscription,
event_1231,user_272,income,True,30,False,True,confirmed,23633986.34,IDR,2025-02-14,Confirmed Monthly Salary,
event_1232,user_272,recurring_expense,True,30,False,True,confirmed,6544015.1,IDR,2025-02-19,Apartment Rent & Essential Utilities,
event_1233,user_272,recurring_expense,True,15,False,True,confirmed,2857406.67,IDR,2025-02-09,Bi-weekly Groceries & Commuting,
event_1234,user_272,recurring_expense,True,30,True,False,confirmed,2049231.54,IDR,2025-02-12,Streaming Services & Dining Out Club,
event_1235,user_272,recurring_expense,True,30,True,False,confirmed,993772.29,IDR,2025-02-17,Fitness & Luxury Lifestyle Subscription,
event_1236,user_273,income,True,30,False,True,confirmed,22519143.94,IDR,2026-04-23,Confirmed Monthly Salary,
event_1237,user_273,recurring_expense,True,30,False,True,confirmed,6482422.24,IDR,2026-04-28,Apartment Rent & Essential Utilities,
event_1238,user_273,recurring_expense,True,15,False,True,confirmed,2088021.3,IDR,2026-04-11,Bi-weekly Groceries & Commuting,
event_1239,user_273,recurring_expense,True,30,True,False,confirmed,2379047.19,IDR,2026-04-14,Streaming Services & Dining Out Club,
event_1240,user_273,recurring_expense,True,30,True,False,confirmed,764546.6,IDR,2026-04-19,Fitness & Luxury Lifestyle Subscription,
event_1241,user_274,income,True,30,False,True,confirmed,4774.21,EUR,2024-12-27,Confirmed Monthly Salary,
event_1242,user_274,recurring_expense,True,30,False,True,confirmed,1522.26,EUR,2025-01-01,Apartment Rent & Essential Utilities,
event_1243,user_274,recurring_expense,True,15,False,True,confirmed,416.12,EUR,2024-12-08,Bi-weekly Groceries & Commuting,
event_1244,user_274,recurring_expense,True,30,True,False,confirmed,471.72,EUR,2024-12-11,Streaming Services & Dining Out Club,
event_1245,user_274,recurring_expense,True,30,True,False,confirmed,214.83,EUR,2024-12-16,Fitness & Luxury Lifestyle Subscription,
event_1246,user_275,income,True,30,False,True,confirmed,25860138.06,IDR,2025-05-16,Confirmed Monthly Salary,
event_1247,user_275,recurring_expense,True,30,False,True,confirmed,6777749.21,IDR,2025-05-21,Apartment Rent & Essential Utilities,
event_1248,user_275,recurring_expense,True,15,False,True,confirmed,3221752.6,IDR,2025-05-10,Bi-weekly Groceries & Commuting,
event_1249,user_275,recurring_expense,True,30,True,False,confirmed,2469452.12,IDR,2025-05-13,Streaming Services & Dining Out Club,
event_1250,user_275,recurring_expense,True,30,True,False,confirmed,816772.42,IDR,2025-05-18,Fitness & Luxury Lifestyle Subscription,
